epfl/tripod_seq_01_001.jpg,161.834862
epfl/tripod_seq_01_002.jpg,158.532110
epfl/tripod_seq_01_003.jpg,155.229358
epfl/tripod_seq_01_004.jpg,151.926606
epfl/tripod_seq_01_005.jpg,148.623853
epfl/tripod_seq_01_006.jpg,145.321101
epfl/tripod_seq_01_007.jpg,142.018349
epfl/tripod_seq_01_008.jpg,138.715596
epfl/tripod_seq_01_009.jpg,135.412844
epfl/tripod_seq_01_010.jpg,132.110092
epfl/tripod_seq_01_011.jpg,128.807339
epfl/tripod_seq_01_012.jpg,125.504587
epfl/tripod_seq_01_013.jpg,122.201835
epfl/tripod_seq_01_014.jpg,118.899083
epfl/tripod_seq_01_015.jpg,115.596330
epfl/tripod_seq_01_016.jpg,112.293578
epfl/tripod_seq_01_017.jpg,108.990826
epfl/tripod_seq_01_018.jpg,105.688073
epfl/tripod_seq_01_019.jpg,102.385321
epfl/tripod_seq_01_020.jpg,99.082569
epfl/tripod_seq_01_021.jpg,95.779817
epfl/tripod_seq_01_022.jpg,92.477064
epfl/tripod_seq_01_023.jpg,89.174312
epfl/tripod_seq_01_024.jpg,85.871560
epfl/tripod_seq_01_025.jpg,82.568807
epfl/tripod_seq_01_026.jpg,79.266055
epfl/tripod_seq_01_027.jpg,75.963303
epfl/tripod_seq_01_028.jpg,72.660550
epfl/tripod_seq_01_029.jpg,69.357798
epfl/tripod_seq_01_030.jpg,66.055046
epfl/tripod_seq_01_031.jpg,62.752294
epfl/tripod_seq_01_032.jpg,59.449541
epfl/tripod_seq_01_033.jpg,56.146789
epfl/tripod_seq_01_034.jpg,52.844037
epfl/tripod_seq_01_035.jpg,49.541284
epfl/tripod_seq_01_036.jpg,46.238532
epfl/tripod_seq_01_037.jpg,42.935780
epfl/tripod_seq_01_038.jpg,39.633028
epfl/tripod_seq_01_039.jpg,36.330275
epfl/tripod_seq_01_040.jpg,33.027523
epfl/tripod_seq_01_041.jpg,29.724771
epfl/tripod_seq_01_042.jpg,26.422018
epfl/tripod_seq_01_043.jpg,23.119266
epfl/tripod_seq_01_044.jpg,19.816514
epfl/tripod_seq_01_045.jpg,16.513761
epfl/tripod_seq_01_046.jpg,13.211009
epfl/tripod_seq_01_047.jpg,9.908257
epfl/tripod_seq_01_048.jpg,6.605505
epfl/tripod_seq_01_049.jpg,3.302752
epfl/tripod_seq_01_050.jpg,0.000000
epfl/tripod_seq_01_051.jpg,356.697248
epfl/tripod_seq_01_052.jpg,353.394495
epfl/tripod_seq_01_053.jpg,350.091743
epfl/tripod_seq_01_054.jpg,346.788991
epfl/tripod_seq_01_055.jpg,343.486239
epfl/tripod_seq_01_056.jpg,340.183486
epfl/tripod_seq_01_057.jpg,336.880734
epfl/tripod_seq_01_058.jpg,333.577982
epfl/tripod_seq_01_059.jpg,330.275229
epfl/tripod_seq_01_060.jpg,326.972477
epfl/tripod_seq_01_061.jpg,323.669725
epfl/tripod_seq_01_062.jpg,320.366972
epfl/tripod_seq_01_063.jpg,317.064220
epfl/tripod_seq_01_064.jpg,313.761468
epfl/tripod_seq_01_065.jpg,310.458716
epfl/tripod_seq_01_066.jpg,307.155963
epfl/tripod_seq_01_067.jpg,303.853211
epfl/tripod_seq_01_068.jpg,300.550459
epfl/tripod_seq_01_069.jpg,297.247706
epfl/tripod_seq_01_070.jpg,293.944954
epfl/tripod_seq_01_071.jpg,290.642202
epfl/tripod_seq_01_072.jpg,287.339450
epfl/tripod_seq_01_073.jpg,284.036697
epfl/tripod_seq_01_074.jpg,280.733945
epfl/tripod_seq_01_075.jpg,277.431193
epfl/tripod_seq_01_076.jpg,274.128440
epfl/tripod_seq_01_077.jpg,270.825688
epfl/tripod_seq_01_078.jpg,267.522936
epfl/tripod_seq_01_079.jpg,264.220183
epfl/tripod_seq_01_080.jpg,260.917431
epfl/tripod_seq_01_081.jpg,257.614679
epfl/tripod_seq_01_082.jpg,254.311927
epfl/tripod_seq_01_083.jpg,251.009174
epfl/tripod_seq_01_084.jpg,247.706422
epfl/tripod_seq_01_085.jpg,244.403670
epfl/tripod_seq_01_086.jpg,241.100917
epfl/tripod_seq_01_087.jpg,237.798165
epfl/tripod_seq_01_088.jpg,234.495413
epfl/tripod_seq_01_089.jpg,231.192661
epfl/tripod_seq_01_090.jpg,227.889908
epfl/tripod_seq_01_091.jpg,224.587156
epfl/tripod_seq_01_092.jpg,221.284404
epfl/tripod_seq_01_093.jpg,217.981651
epfl/tripod_seq_01_094.jpg,214.678899
epfl/tripod_seq_01_095.jpg,211.376147
epfl/tripod_seq_01_096.jpg,208.073394
epfl/tripod_seq_01_097.jpg,204.770642
epfl/tripod_seq_01_098.jpg,201.467890
epfl/tripod_seq_01_099.jpg,198.165138
epfl/tripod_seq_01_100.jpg,194.862385
epfl/tripod_seq_01_101.jpg,191.559633
epfl/tripod_seq_01_102.jpg,188.256881
epfl/tripod_seq_01_103.jpg,184.954128
epfl/tripod_seq_01_104.jpg,181.651376
epfl/tripod_seq_01_105.jpg,178.348624
epfl/tripod_seq_01_106.jpg,175.045872
epfl/tripod_seq_01_107.jpg,171.743119
epfl/tripod_seq_01_108.jpg,168.440367
epfl/tripod_seq_01_109.jpg,165.137615
epfl/tripod_seq_02_001.jpg,274.639175
epfl/tripod_seq_02_002.jpg,270.927835
epfl/tripod_seq_02_003.jpg,267.216495
epfl/tripod_seq_02_004.jpg,263.505155
epfl/tripod_seq_02_005.jpg,259.793814
epfl/tripod_seq_02_006.jpg,256.082474
epfl/tripod_seq_02_007.jpg,252.371134
epfl/tripod_seq_02_008.jpg,248.659794
epfl/tripod_seq_02_009.jpg,244.948454
epfl/tripod_seq_02_010.jpg,241.237113
epfl/tripod_seq_02_011.jpg,237.525773
epfl/tripod_seq_02_012.jpg,233.814433
epfl/tripod_seq_02_013.jpg,230.103093
epfl/tripod_seq_02_014.jpg,226.391753
epfl/tripod_seq_02_015.jpg,222.680412
epfl/tripod_seq_02_016.jpg,218.969072
epfl/tripod_seq_02_017.jpg,215.257732
epfl/tripod_seq_02_018.jpg,211.546392
epfl/tripod_seq_02_019.jpg,207.835052
epfl/tripod_seq_02_020.jpg,204.123711
epfl/tripod_seq_02_021.jpg,200.412371
epfl/tripod_seq_02_022.jpg,196.701031
epfl/tripod_seq_02_023.jpg,192.989691
epfl/tripod_seq_02_024.jpg,189.278351
epfl/tripod_seq_02_025.jpg,185.567010
epfl/tripod_seq_02_026.jpg,181.855670
epfl/tripod_seq_02_027.jpg,178.144330
epfl/tripod_seq_02_028.jpg,174.432990
epfl/tripod_seq_02_029.jpg,170.721649
epfl/tripod_seq_02_030.jpg,167.010309
epfl/tripod_seq_02_031.jpg,163.298969
epfl/tripod_seq_02_032.jpg,159.587629
epfl/tripod_seq_02_033.jpg,155.876289
epfl/tripod_seq_02_034.jpg,152.164948
epfl/tripod_seq_02_035.jpg,148.453608
epfl/tripod_seq_02_036.jpg,144.742268
epfl/tripod_seq_02_037.jpg,141.030928
epfl/tripod_seq_02_038.jpg,137.319588
epfl/tripod_seq_02_039.jpg,133.608247
epfl/tripod_seq_02_040.jpg,129.896907
epfl/tripod_seq_02_041.jpg,126.185567
epfl/tripod_seq_02_042.jpg,122.474227
epfl/tripod_seq_02_043.jpg,118.762887
epfl/tripod_seq_02_044.jpg,115.051546
epfl/tripod_seq_02_045.jpg,111.340206
epfl/tripod_seq_02_046.jpg,107.628866
epfl/tripod_seq_02_047.jpg,103.917526
epfl/tripod_seq_02_048.jpg,100.206186
epfl/tripod_seq_02_049.jpg,96.494845
epfl/tripod_seq_02_050.jpg,92.783505
epfl/tripod_seq_02_051.jpg,89.072165
epfl/tripod_seq_02_052.jpg,85.360825
epfl/tripod_seq_02_053.jpg,81.649485
epfl/tripod_seq_02_054.jpg,77.938144
epfl/tripod_seq_02_055.jpg,74.226804
epfl/tripod_seq_02_056.jpg,70.515464
epfl/tripod_seq_02_057.jpg,66.804124
epfl/tripod_seq_02_058.jpg,63.092784
epfl/tripod_seq_02_059.jpg,59.381443
epfl/tripod_seq_02_060.jpg,55.670103
epfl/tripod_seq_02_061.jpg,51.958763
epfl/tripod_seq_02_062.jpg,48.247423
epfl/tripod_seq_02_063.jpg,44.536082
epfl/tripod_seq_02_064.jpg,40.824742
epfl/tripod_seq_02_065.jpg,37.113402
epfl/tripod_seq_02_066.jpg,33.402062
epfl/tripod_seq_02_067.jpg,29.690722
epfl/tripod_seq_02_068.jpg,25.979381
epfl/tripod_seq_02_069.jpg,22.268041
epfl/tripod_seq_02_070.jpg,18.556701
epfl/tripod_seq_02_071.jpg,14.845361
epfl/tripod_seq_02_072.jpg,11.134021
epfl/tripod_seq_02_073.jpg,7.422680
epfl/tripod_seq_02_074.jpg,3.711340
epfl/tripod_seq_02_075.jpg,0.000000
epfl/tripod_seq_02_076.jpg,356.288660
epfl/tripod_seq_02_077.jpg,352.577320
epfl/tripod_seq_02_078.jpg,348.865979
epfl/tripod_seq_02_079.jpg,345.154639
epfl/tripod_seq_02_080.jpg,341.443299
epfl/tripod_seq_02_081.jpg,337.731959
epfl/tripod_seq_02_082.jpg,334.020619
epfl/tripod_seq_02_083.jpg,330.309278
epfl/tripod_seq_02_084.jpg,326.597938
epfl/tripod_seq_02_085.jpg,322.886598
epfl/tripod_seq_02_086.jpg,319.175258
epfl/tripod_seq_02_087.jpg,315.463918
epfl/tripod_seq_02_088.jpg,311.752577
epfl/tripod_seq_02_089.jpg,308.041237
epfl/tripod_seq_02_090.jpg,304.329897
epfl/tripod_seq_02_091.jpg,300.618557
epfl/tripod_seq_02_092.jpg,296.907216
epfl/tripod_seq_02_093.jpg,293.195876
epfl/tripod_seq_02_094.jpg,289.484536
epfl/tripod_seq_02_095.jpg,285.773196
epfl/tripod_seq_02_096.jpg,282.061856
epfl/tripod_seq_02_097.jpg,278.350515
epfl/tripod_seq_03_001.jpg,3.428571
epfl/tripod_seq_03_002.jpg,0.000000
epfl/tripod_seq_03_003.jpg,356.571429
epfl/tripod_seq_03_004.jpg,353.142857
epfl/tripod_seq_03_005.jpg,349.714286
epfl/tripod_seq_03_006.jpg,346.285714
epfl/tripod_seq_03_007.jpg,342.857143
epfl/tripod_seq_03_008.jpg,339.428571
epfl/tripod_seq_03_009.jpg,336.000000
epfl/tripod_seq_03_010.jpg,332.571429
epfl/tripod_seq_03_011.jpg,329.142857
epfl/tripod_seq_03_012.jpg,325.714286
epfl/tripod_seq_03_013.jpg,322.285714
epfl/tripod_seq_03_014.jpg,318.857143
epfl/tripod_seq_03_015.jpg,315.428571
epfl/tripod_seq_03_016.jpg,312.000000
epfl/tripod_seq_03_017.jpg,308.571429
epfl/tripod_seq_03_018.jpg,305.142857
epfl/tripod_seq_03_019.jpg,301.714286
epfl/tripod_seq_03_020.jpg,298.285714
epfl/tripod_seq_03_021.jpg,294.857143
epfl/tripod_seq_03_022.jpg,291.428571
epfl/tripod_seq_03_023.jpg,288.000000
epfl/tripod_seq_03_024.jpg,284.571429
epfl/tripod_seq_03_025.jpg,281.142857
epfl/tripod_seq_03_026.jpg,277.714286
epfl/tripod_seq_03_027.jpg,274.285714
epfl/tripod_seq_03_028.jpg,270.857143
epfl/tripod_seq_03_029.jpg,267.428571
epfl/tripod_seq_03_030.jpg,264.000000
epfl/tripod_seq_03_031.jpg,260.571429
epfl/tripod_seq_03_032.jpg,257.142857
epfl/tripod_seq_03_033.jpg,253.714286
epfl/tripod_seq_03_034.jpg,250.285714
epfl/tripod_seq_03_035.jpg,246.857143
epfl/tripod_seq_03_036.jpg,243.428571
epfl/tripod_seq_03_037.jpg,240.000000
epfl/tripod_seq_03_038.jpg,236.571429
epfl/tripod_seq_03_039.jpg,233.142857
epfl/tripod_seq_03_040.jpg,229.714286
epfl/tripod_seq_03_041.jpg,226.285714
epfl/tripod_seq_03_042.jpg,222.857143
epfl/tripod_seq_03_043.jpg,219.428571
epfl/tripod_seq_03_044.jpg,216.000000
epfl/tripod_seq_03_045.jpg,212.571429
epfl/tripod_seq_03_046.jpg,209.142857
epfl/tripod_seq_03_047.jpg,205.714286
epfl/tripod_seq_03_048.jpg,202.285714
epfl/tripod_seq_03_049.jpg,198.857143
epfl/tripod_seq_03_050.jpg,195.428571
epfl/tripod_seq_03_051.jpg,192.000000
epfl/tripod_seq_03_052.jpg,188.571429
epfl/tripod_seq_03_053.jpg,185.142857
epfl/tripod_seq_03_054.jpg,181.714286
epfl/tripod_seq_03_055.jpg,178.285714
epfl/tripod_seq_03_056.jpg,174.857143
epfl/tripod_seq_03_057.jpg,171.428571
epfl/tripod_seq_03_058.jpg,168.000000
epfl/tripod_seq_03_059.jpg,164.571429
epfl/tripod_seq_03_060.jpg,161.142857
epfl/tripod_seq_03_061.jpg,157.714286
epfl/tripod_seq_03_062.jpg,154.285714
epfl/tripod_seq_03_063.jpg,150.857143
epfl/tripod_seq_03_064.jpg,147.428571
epfl/tripod_seq_03_065.jpg,144.000000
epfl/tripod_seq_03_066.jpg,140.571429
epfl/tripod_seq_03_067.jpg,137.142857
epfl/tripod_seq_03_068.jpg,133.714286
epfl/tripod_seq_03_069.jpg,130.285714
epfl/tripod_seq_03_070.jpg,126.857143
epfl/tripod_seq_03_071.jpg,123.428571
epfl/tripod_seq_03_072.jpg,120.000000
epfl/tripod_seq_03_073.jpg,116.571429
epfl/tripod_seq_03_074.jpg,113.142857
epfl/tripod_seq_03_075.jpg,109.714286
epfl/tripod_seq_03_076.jpg,106.285714
epfl/tripod_seq_03_077.jpg,102.857143
epfl/tripod_seq_03_078.jpg,99.428571
epfl/tripod_seq_03_079.jpg,96.000000
epfl/tripod_seq_03_080.jpg,92.571429
epfl/tripod_seq_03_081.jpg,89.142857
epfl/tripod_seq_03_082.jpg,85.714286
epfl/tripod_seq_03_083.jpg,82.285714
epfl/tripod_seq_03_084.jpg,78.857143
epfl/tripod_seq_03_085.jpg,75.428571
epfl/tripod_seq_03_086.jpg,72.000000
epfl/tripod_seq_03_087.jpg,68.571429
epfl/tripod_seq_03_088.jpg,65.142857
epfl/tripod_seq_03_089.jpg,61.714286
epfl/tripod_seq_03_090.jpg,58.285714
epfl/tripod_seq_03_091.jpg,54.857143
epfl/tripod_seq_03_092.jpg,51.428571
epfl/tripod_seq_03_093.jpg,48.000000
epfl/tripod_seq_03_094.jpg,44.571429
epfl/tripod_seq_03_095.jpg,41.142857
epfl/tripod_seq_03_096.jpg,37.714286
epfl/tripod_seq_03_097.jpg,34.285714
epfl/tripod_seq_03_098.jpg,30.857143
epfl/tripod_seq_03_099.jpg,27.428571
epfl/tripod_seq_03_100.jpg,24.000000
epfl/tripod_seq_03_101.jpg,20.571429
epfl/tripod_seq_03_102.jpg,17.142857
epfl/tripod_seq_03_103.jpg,13.714286
epfl/tripod_seq_03_104.jpg,10.285714
epfl/tripod_seq_03_105.jpg,6.857143
epfl/tripod_seq_04_001.jpg,346.909091
epfl/tripod_seq_04_002.jpg,343.636364
epfl/tripod_seq_04_003.jpg,340.363636
epfl/tripod_seq_04_004.jpg,337.090909
epfl/tripod_seq_04_005.jpg,333.818182
epfl/tripod_seq_04_006.jpg,330.545455
epfl/tripod_seq_04_007.jpg,327.272727
epfl/tripod_seq_04_008.jpg,324.000000
epfl/tripod_seq_04_009.jpg,320.727273
epfl/tripod_seq_04_010.jpg,317.454545
epfl/tripod_seq_04_011.jpg,314.181818
epfl/tripod_seq_04_012.jpg,310.909091
epfl/tripod_seq_04_013.jpg,307.636364
epfl/tripod_seq_04_014.jpg,304.363636
epfl/tripod_seq_04_015.jpg,301.090909
epfl/tripod_seq_04_016.jpg,297.818182
epfl/tripod_seq_04_017.jpg,294.545455
epfl/tripod_seq_04_018.jpg,291.272727
epfl/tripod_seq_04_019.jpg,288.000000
epfl/tripod_seq_04_020.jpg,284.727273
epfl/tripod_seq_04_021.jpg,281.454545
epfl/tripod_seq_04_022.jpg,278.181818
epfl/tripod_seq_04_023.jpg,274.909091
epfl/tripod_seq_04_024.jpg,271.636364
epfl/tripod_seq_04_025.jpg,268.363636
epfl/tripod_seq_04_026.jpg,265.090909
epfl/tripod_seq_04_027.jpg,261.818182
epfl/tripod_seq_04_028.jpg,258.545455
epfl/tripod_seq_04_029.jpg,255.272727
epfl/tripod_seq_04_030.jpg,252.000000
epfl/tripod_seq_04_031.jpg,248.727273
epfl/tripod_seq_04_032.jpg,245.454545
epfl/tripod_seq_04_033.jpg,242.181818
epfl/tripod_seq_04_034.jpg,238.909091
epfl/tripod_seq_04_035.jpg,235.636364
epfl/tripod_seq_04_036.jpg,232.363636
epfl/tripod_seq_04_037.jpg,229.090909
epfl/tripod_seq_04_038.jpg,225.818182
epfl/tripod_seq_04_039.jpg,222.545455
epfl/tripod_seq_04_040.jpg,219.272727
epfl/tripod_seq_04_041.jpg,216.000000
epfl/tripod_seq_04_042.jpg,212.727273
epfl/tripod_seq_04_043.jpg,209.454545
epfl/tripod_seq_04_044.jpg,206.181818
epfl/tripod_seq_04_045.jpg,202.909091
epfl/tripod_seq_04_046.jpg,199.636364
epfl/tripod_seq_04_047.jpg,196.363636
epfl/tripod_seq_04_048.jpg,193.090909
epfl/tripod_seq_04_049.jpg,189.818182
epfl/tripod_seq_04_050.jpg,186.545455
epfl/tripod_seq_04_051.jpg,183.272727
epfl/tripod_seq_04_052.jpg,180.000000
epfl/tripod_seq_04_053.jpg,176.727273
epfl/tripod_seq_04_054.jpg,173.454545
epfl/tripod_seq_04_055.jpg,170.181818
epfl/tripod_seq_04_056.jpg,166.909091
epfl/tripod_seq_04_057.jpg,163.636364
epfl/tripod_seq_04_058.jpg,160.363636
epfl/tripod_seq_04_059.jpg,157.090909
epfl/tripod_seq_04_060.jpg,153.818182
epfl/tripod_seq_04_061.jpg,150.545455
epfl/tripod_seq_04_062.jpg,147.272727
epfl/tripod_seq_04_063.jpg,144.000000
epfl/tripod_seq_04_064.jpg,140.727273
epfl/tripod_seq_04_065.jpg,137.454545
epfl/tripod_seq_04_066.jpg,134.181818
epfl/tripod_seq_04_067.jpg,130.909091
epfl/tripod_seq_04_068.jpg,127.636364
epfl/tripod_seq_04_069.jpg,124.363636
epfl/tripod_seq_04_070.jpg,121.090909
epfl/tripod_seq_04_071.jpg,117.818182
epfl/tripod_seq_04_072.jpg,114.545455
epfl/tripod_seq_04_073.jpg,111.272727
epfl/tripod_seq_04_074.jpg,108.000000
epfl/tripod_seq_04_075.jpg,104.727273
epfl/tripod_seq_04_076.jpg,101.454545
epfl/tripod_seq_04_077.jpg,98.181818
epfl/tripod_seq_04_078.jpg,94.909091
epfl/tripod_seq_04_079.jpg,91.636364
epfl/tripod_seq_04_080.jpg,88.363636
epfl/tripod_seq_04_081.jpg,85.090909
epfl/tripod_seq_04_082.jpg,81.818182
epfl/tripod_seq_04_083.jpg,78.545455
epfl/tripod_seq_04_084.jpg,75.272727
epfl/tripod_seq_04_085.jpg,72.000000
epfl/tripod_seq_04_086.jpg,68.727273
epfl/tripod_seq_04_087.jpg,65.454545
epfl/tripod_seq_04_088.jpg,62.181818
epfl/tripod_seq_04_089.jpg,58.909091
epfl/tripod_seq_04_090.jpg,55.636364
epfl/tripod_seq_04_091.jpg,52.363636
epfl/tripod_seq_04_092.jpg,49.090909
epfl/tripod_seq_04_093.jpg,45.818182
epfl/tripod_seq_04_094.jpg,42.545455
epfl/tripod_seq_04_095.jpg,39.272727
epfl/tripod_seq_04_096.jpg,36.000000
epfl/tripod_seq_04_097.jpg,32.727273
epfl/tripod_seq_04_098.jpg,29.454545
epfl/tripod_seq_04_099.jpg,26.181818
epfl/tripod_seq_04_100.jpg,22.909091
epfl/tripod_seq_04_101.jpg,19.636364
epfl/tripod_seq_04_102.jpg,16.363636
epfl/tripod_seq_04_103.jpg,13.090909
epfl/tripod_seq_04_104.jpg,9.818182
epfl/tripod_seq_04_105.jpg,6.545455
epfl/tripod_seq_04_106.jpg,3.272727
epfl/tripod_seq_04_107.jpg,0.000000
epfl/tripod_seq_04_108.jpg,356.727273
epfl/tripod_seq_04_109.jpg,353.454545
epfl/tripod_seq_04_110.jpg,350.181818
epfl/tripod_seq_05_001.jpg,259.746835
epfl/tripod_seq_05_002.jpg,264.303797
epfl/tripod_seq_05_003.jpg,268.860759
epfl/tripod_seq_05_004.jpg,273.417722
epfl/tripod_seq_05_005.jpg,277.974684
epfl/tripod_seq_05_006.jpg,282.531646
epfl/tripod_seq_05_007.jpg,287.088608
epfl/tripod_seq_05_008.jpg,291.645570
epfl/tripod_seq_05_009.jpg,296.202532
epfl/tripod_seq_05_010.jpg,300.759494
epfl/tripod_seq_05_011.jpg,305.316456
epfl/tripod_seq_05_012.jpg,309.873418
epfl/tripod_seq_05_013.jpg,314.430380
epfl/tripod_seq_05_014.jpg,318.987342
epfl/tripod_seq_05_015.jpg,323.544304
epfl/tripod_seq_05_016.jpg,328.101266
epfl/tripod_seq_05_017.jpg,332.658228
epfl/tripod_seq_05_018.jpg,337.215190
epfl/tripod_seq_05_019.jpg,341.772152
epfl/tripod_seq_05_020.jpg,346.329114
epfl/tripod_seq_05_021.jpg,350.886076
epfl/tripod_seq_05_022.jpg,355.443038
epfl/tripod_seq_05_023.jpg,0.000000
epfl/tripod_seq_05_024.jpg,4.556962
epfl/tripod_seq_05_025.jpg,9.113924
epfl/tripod_seq_05_026.jpg,13.670886
epfl/tripod_seq_05_027.jpg,18.227848
epfl/tripod_seq_05_028.jpg,22.784810
epfl/tripod_seq_05_029.jpg,27.341772
epfl/tripod_seq_05_030.jpg,31.898734
epfl/tripod_seq_05_031.jpg,36.455696
epfl/tripod_seq_05_032.jpg,41.012658
epfl/tripod_seq_05_033.jpg,45.569620
epfl/tripod_seq_05_034.jpg,50.126582
epfl/tripod_seq_05_035.jpg,54.683544
epfl/tripod_seq_05_036.jpg,59.240506
epfl/tripod_seq_05_037.jpg,63.797468
epfl/tripod_seq_05_038.jpg,68.354430
epfl/tripod_seq_05_039.jpg,72.911392
epfl/tripod_seq_05_040.jpg,77.468354
epfl/tripod_seq_05_041.jpg,82.025316
epfl/tripod_seq_05_042.jpg,86.582278
epfl/tripod_seq_05_043.jpg,91.139241
epfl/tripod_seq_05_044.jpg,95.696203
epfl/tripod_seq_05_045.jpg,100.253165
epfl/tripod_seq_05_046.jpg,104.810127
epfl/tripod_seq_05_047.jpg,109.367089
epfl/tripod_seq_05_048.jpg,113.924051
epfl/tripod_seq_05_049.jpg,118.481013
epfl/tripod_seq_05_050.jpg,123.037975
epfl/tripod_seq_05_051.jpg,127.594937
epfl/tripod_seq_05_052.jpg,132.151899
epfl/tripod_seq_05_053.jpg,136.708861
epfl/tripod_seq_05_054.jpg,141.265823
epfl/tripod_seq_05_055.jpg,145.822785
epfl/tripod_seq_05_056.jpg,150.379747
epfl/tripod_seq_05_057.jpg,154.936709
epfl/tripod_seq_05_058.jpg,159.493671
epfl/tripod_seq_05_059.jpg,164.050633
epfl/tripod_seq_05_060.jpg,168.607595
epfl/tripod_seq_05_061.jpg,173.164557
epfl/tripod_seq_05_062.jpg,177.721519
epfl/tripod_seq_05_063.jpg,182.278481
epfl/tripod_seq_05_064.jpg,186.835443
epfl/tripod_seq_05_065.jpg,191.392405
epfl/tripod_seq_05_066.jpg,195.949367
epfl/tripod_seq_05_067.jpg,200.506329
epfl/tripod_seq_05_068.jpg,205.063291
epfl/tripod_seq_05_069.jpg,209.620253
epfl/tripod_seq_05_070.jpg,214.177215
epfl/tripod_seq_05_071.jpg,218.734177
epfl/tripod_seq_05_072.jpg,223.291139
epfl/tripod_seq_05_073.jpg,227.848101
epfl/tripod_seq_05_074.jpg,232.405063
epfl/tripod_seq_05_075.jpg,236.962025
epfl/tripod_seq_05_076.jpg,241.518987
epfl/tripod_seq_05_077.jpg,246.075949
epfl/tripod_seq_05_078.jpg,250.632911
epfl/tripod_seq_05_079.jpg,255.189873
epfl/tripod_seq_06_001.jpg,182.022472
epfl/tripod_seq_06_002.jpg,177.977528
epfl/tripod_seq_06_003.jpg,173.932584
epfl/tripod_seq_06_004.jpg,169.887640
epfl/tripod_seq_06_005.jpg,165.842697
epfl/tripod_seq_06_006.jpg,161.797753
epfl/tripod_seq_06_007.jpg,157.752809
epfl/tripod_seq_06_008.jpg,153.707865
epfl/tripod_seq_06_009.jpg,149.662921
epfl/tripod_seq_06_010.jpg,145.617978
epfl/tripod_seq_06_011.jpg,141.573034
epfl/tripod_seq_06_012.jpg,137.528090
epfl/tripod_seq_06_013.jpg,133.483146
epfl/tripod_seq_06_014.jpg,129.438202
epfl/tripod_seq_06_015.jpg,125.393258
epfl/tripod_seq_06_016.jpg,121.348315
epfl/tripod_seq_06_017.jpg,117.303371
epfl/tripod_seq_06_018.jpg,113.258427
epfl/tripod_seq_06_019.jpg,109.213483
epfl/tripod_seq_06_020.jpg,105.168539
epfl/tripod_seq_06_021.jpg,101.123596
epfl/tripod_seq_06_022.jpg,97.078652
epfl/tripod_seq_06_023.jpg,93.033708
epfl/tripod_seq_06_024.jpg,88.988764
epfl/tripod_seq_06_025.jpg,84.943820
epfl/tripod_seq_06_026.jpg,80.898876
epfl/tripod_seq_06_027.jpg,76.853933
epfl/tripod_seq_06_028.jpg,72.808989
epfl/tripod_seq_06_029.jpg,68.764045
epfl/tripod_seq_06_030.jpg,64.719101
epfl/tripod_seq_06_031.jpg,60.674157
epfl/tripod_seq_06_032.jpg,56.629213
epfl/tripod_seq_06_033.jpg,52.584270
epfl/tripod_seq_06_034.jpg,48.539326
epfl/tripod_seq_06_035.jpg,44.494382
epfl/tripod_seq_06_036.jpg,40.449438
epfl/tripod_seq_06_037.jpg,36.404494
epfl/tripod_seq_06_038.jpg,32.359551
epfl/tripod_seq_06_039.jpg,28.314607
epfl/tripod_seq_06_040.jpg,24.269663
epfl/tripod_seq_06_041.jpg,20.224719
epfl/tripod_seq_06_042.jpg,16.179775
epfl/tripod_seq_06_043.jpg,12.134831
epfl/tripod_seq_06_044.jpg,8.089888
epfl/tripod_seq_06_045.jpg,4.044944
epfl/tripod_seq_06_046.jpg,0.000000
epfl/tripod_seq_06_047.jpg,355.955056
epfl/tripod_seq_06_048.jpg,351.910112
epfl/tripod_seq_06_049.jpg,347.865169
epfl/tripod_seq_06_050.jpg,343.820225
epfl/tripod_seq_06_051.jpg,339.775281
epfl/tripod_seq_06_052.jpg,335.730337
epfl/tripod_seq_06_053.jpg,331.685393
epfl/tripod_seq_06_054.jpg,327.640449
epfl/tripod_seq_06_055.jpg,323.595506
epfl/tripod_seq_06_056.jpg,319.550562
epfl/tripod_seq_06_057.jpg,315.505618
epfl/tripod_seq_06_058.jpg,311.460674
epfl/tripod_seq_06_059.jpg,307.415730
epfl/tripod_seq_06_060.jpg,303.370787
epfl/tripod_seq_06_061.jpg,299.325843
epfl/tripod_seq_06_062.jpg,295.280899
epfl/tripod_seq_06_063.jpg,291.235955
epfl/tripod_seq_06_064.jpg,287.191011
epfl/tripod_seq_06_065.jpg,283.146067
epfl/tripod_seq_06_066.jpg,279.101124
epfl/tripod_seq_06_067.jpg,275.056180
epfl/tripod_seq_06_068.jpg,271.011236
epfl/tripod_seq_06_069.jpg,266.966292
epfl/tripod_seq_06_070.jpg,262.921348
epfl/tripod_seq_06_071.jpg,258.876404
epfl/tripod_seq_06_072.jpg,254.831461
epfl/tripod_seq_06_073.jpg,250.786517
epfl/tripod_seq_06_074.jpg,246.741573
epfl/tripod_seq_06_075.jpg,242.696629
epfl/tripod_seq_06_076.jpg,238.651685
epfl/tripod_seq_06_077.jpg,234.606742
epfl/tripod_seq_06_078.jpg,230.561798
epfl/tripod_seq_06_079.jpg,226.516854
epfl/tripod_seq_06_080.jpg,222.471910
epfl/tripod_seq_06_081.jpg,218.426966
epfl/tripod_seq_06_082.jpg,214.382022
epfl/tripod_seq_06_083.jpg,210.337079
epfl/tripod_seq_06_084.jpg,206.292135
epfl/tripod_seq_06_085.jpg,202.247191
epfl/tripod_seq_06_086.jpg,198.202247
epfl/tripod_seq_06_087.jpg,194.157303
epfl/tripod_seq_06_088.jpg,190.112360
epfl/tripod_seq_06_089.jpg,186.067416
epfl/tripod_seq_07_001.jpg,185.901639
epfl/tripod_seq_07_002.jpg,182.950820
epfl/tripod_seq_07_003.jpg,180.000000
epfl/tripod_seq_07_004.jpg,177.049180
epfl/tripod_seq_07_005.jpg,174.098361
epfl/tripod_seq_07_006.jpg,171.147541
epfl/tripod_seq_07_007.jpg,168.196721
epfl/tripod_seq_07_008.jpg,165.245902
epfl/tripod_seq_07_009.jpg,162.295082
epfl/tripod_seq_07_010.jpg,159.344262
epfl/tripod_seq_07_011.jpg,156.393443
epfl/tripod_seq_07_012.jpg,153.442623
epfl/tripod_seq_07_013.jpg,150.491803
epfl/tripod_seq_07_014.jpg,147.540984
epfl/tripod_seq_07_015.jpg,144.590164
epfl/tripod_seq_07_016.jpg,141.639344
epfl/tripod_seq_07_017.jpg,138.688525
epfl/tripod_seq_07_018.jpg,135.737705
epfl/tripod_seq_07_019.jpg,132.786885
epfl/tripod_seq_07_020.jpg,129.836066
epfl/tripod_seq_07_021.jpg,126.885246
epfl/tripod_seq_07_022.jpg,123.934426
epfl/tripod_seq_07_023.jpg,120.983607
epfl/tripod_seq_07_024.jpg,118.032787
epfl/tripod_seq_07_025.jpg,115.081967
epfl/tripod_seq_07_026.jpg,112.131148
epfl/tripod_seq_07_027.jpg,109.180328
epfl/tripod_seq_07_028.jpg,106.229508
epfl/tripod_seq_07_029.jpg,103.278689
epfl/tripod_seq_07_030.jpg,100.327869
epfl/tripod_seq_07_031.jpg,97.377049
epfl/tripod_seq_07_032.jpg,94.426230
epfl/tripod_seq_07_033.jpg,91.475410
epfl/tripod_seq_07_034.jpg,88.524590
epfl/tripod_seq_07_035.jpg,85.573770
epfl/tripod_seq_07_036.jpg,82.622951
epfl/tripod_seq_07_037.jpg,79.672131
epfl/tripod_seq_07_038.jpg,76.721311
epfl/tripod_seq_07_039.jpg,73.770492
epfl/tripod_seq_07_040.jpg,70.819672
epfl/tripod_seq_07_041.jpg,67.868852
epfl/tripod_seq_07_042.jpg,64.918033
epfl/tripod_seq_07_043.jpg,61.967213
epfl/tripod_seq_07_044.jpg,59.016393
epfl/tripod_seq_07_045.jpg,56.065574
epfl/tripod_seq_07_046.jpg,53.114754
epfl/tripod_seq_07_047.jpg,50.163934
epfl/tripod_seq_07_048.jpg,47.213115
epfl/tripod_seq_07_049.jpg,44.262295
epfl/tripod_seq_07_050.jpg,41.311475
epfl/tripod_seq_07_051.jpg,38.360656
epfl/tripod_seq_07_052.jpg,35.409836
epfl/tripod_seq_07_053.jpg,32.459016
epfl/tripod_seq_07_054.jpg,29.508197
epfl/tripod_seq_07_055.jpg,26.557377
epfl/tripod_seq_07_056.jpg,23.606557
epfl/tripod_seq_07_057.jpg,20.655738
epfl/tripod_seq_07_058.jpg,17.704918
epfl/tripod_seq_07_059.jpg,14.754098
epfl/tripod_seq_07_060.jpg,11.803279
epfl/tripod_seq_07_061.jpg,8.852459
epfl/tripod_seq_07_062.jpg,5.901639
epfl/tripod_seq_07_063.jpg,2.950820
epfl/tripod_seq_07_064.jpg,0.000000
epfl/tripod_seq_07_065.jpg,357.049180
epfl/tripod_seq_07_066.jpg,354.098361
epfl/tripod_seq_07_067.jpg,351.147541
epfl/tripod_seq_07_068.jpg,348.196721
epfl/tripod_seq_07_069.jpg,345.245902
epfl/tripod_seq_07_070.jpg,342.295082
epfl/tripod_seq_07_071.jpg,339.344262
epfl/tripod_seq_07_072.jpg,336.393443
epfl/tripod_seq_07_073.jpg,333.442623
epfl/tripod_seq_07_074.jpg,330.491803
epfl/tripod_seq_07_075.jpg,327.540984
epfl/tripod_seq_07_076.jpg,324.590164
epfl/tripod_seq_07_077.jpg,321.639344
epfl/tripod_seq_07_078.jpg,318.688525
epfl/tripod_seq_07_079.jpg,315.737705
epfl/tripod_seq_07_080.jpg,312.786885
epfl/tripod_seq_07_081.jpg,309.836066
epfl/tripod_seq_07_082.jpg,306.885246
epfl/tripod_seq_07_083.jpg,303.934426
epfl/tripod_seq_07_084.jpg,300.983607
epfl/tripod_seq_07_085.jpg,298.032787
epfl/tripod_seq_07_086.jpg,295.081967
epfl/tripod_seq_07_087.jpg,292.131148
epfl/tripod_seq_07_088.jpg,289.180328
epfl/tripod_seq_07_089.jpg,286.229508
epfl/tripod_seq_07_090.jpg,283.278689
epfl/tripod_seq_07_091.jpg,280.327869
epfl/tripod_seq_07_092.jpg,277.377049
epfl/tripod_seq_07_093.jpg,274.426230
epfl/tripod_seq_07_094.jpg,271.475410
epfl/tripod_seq_07_095.jpg,268.524590
epfl/tripod_seq_07_096.jpg,265.573770
epfl/tripod_seq_07_097.jpg,262.622951
epfl/tripod_seq_07_098.jpg,259.672131
epfl/tripod_seq_07_099.jpg,256.721311
epfl/tripod_seq_07_100.jpg,253.770492
epfl/tripod_seq_07_101.jpg,250.819672
epfl/tripod_seq_07_102.jpg,247.868852
epfl/tripod_seq_07_103.jpg,244.918033
epfl/tripod_seq_07_104.jpg,241.967213
epfl/tripod_seq_07_105.jpg,239.016393
epfl/tripod_seq_07_106.jpg,236.065574
epfl/tripod_seq_07_107.jpg,233.114754
epfl/tripod_seq_07_108.jpg,230.163934
epfl/tripod_seq_07_109.jpg,227.213115
epfl/tripod_seq_07_110.jpg,224.262295
epfl/tripod_seq_07_111.jpg,221.311475
epfl/tripod_seq_07_112.jpg,218.360656
epfl/tripod_seq_07_113.jpg,215.409836
epfl/tripod_seq_07_114.jpg,212.459016
epfl/tripod_seq_07_115.jpg,209.508197
epfl/tripod_seq_07_116.jpg,206.557377
epfl/tripod_seq_07_117.jpg,203.606557
epfl/tripod_seq_07_118.jpg,200.655738
epfl/tripod_seq_07_119.jpg,197.704918
epfl/tripod_seq_07_120.jpg,194.754098
epfl/tripod_seq_07_121.jpg,191.803279
epfl/tripod_seq_07_122.jpg,188.852459
epfl/tripod_seq_08_001.jpg,203.190184
epfl/tripod_seq_08_002.jpg,200.981595
epfl/tripod_seq_08_003.jpg,198.773006
epfl/tripod_seq_08_004.jpg,196.564417
epfl/tripod_seq_08_005.jpg,194.355828
epfl/tripod_seq_08_006.jpg,192.147239
epfl/tripod_seq_08_007.jpg,189.938650
epfl/tripod_seq_08_008.jpg,187.730061
epfl/tripod_seq_08_009.jpg,185.521472
epfl/tripod_seq_08_010.jpg,183.312883
epfl/tripod_seq_08_011.jpg,181.104294
epfl/tripod_seq_08_012.jpg,178.895706
epfl/tripod_seq_08_013.jpg,176.687117
epfl/tripod_seq_08_014.jpg,174.478528
epfl/tripod_seq_08_015.jpg,172.269939
epfl/tripod_seq_08_016.jpg,170.061350
epfl/tripod_seq_08_017.jpg,167.852761
epfl/tripod_seq_08_018.jpg,165.644172
epfl/tripod_seq_08_019.jpg,163.435583
epfl/tripod_seq_08_020.jpg,161.226994
epfl/tripod_seq_08_021.jpg,159.018405
epfl/tripod_seq_08_022.jpg,156.809816
epfl/tripod_seq_08_023.jpg,154.601227
epfl/tripod_seq_08_024.jpg,152.392638
epfl/tripod_seq_08_025.jpg,150.184049
epfl/tripod_seq_08_026.jpg,147.975460
epfl/tripod_seq_08_027.jpg,145.766871
epfl/tripod_seq_08_028.jpg,143.558282
epfl/tripod_seq_08_029.jpg,141.349693
epfl/tripod_seq_08_030.jpg,139.141104
epfl/tripod_seq_08_031.jpg,136.932515
epfl/tripod_seq_08_032.jpg,134.723926
epfl/tripod_seq_08_033.jpg,132.515337
epfl/tripod_seq_08_034.jpg,130.306748
epfl/tripod_seq_08_035.jpg,128.098160
epfl/tripod_seq_08_036.jpg,125.889571
epfl/tripod_seq_08_037.jpg,123.680982
epfl/tripod_seq_08_038.jpg,121.472393
epfl/tripod_seq_08_039.jpg,119.263804
epfl/tripod_seq_08_040.jpg,117.055215
epfl/tripod_seq_08_041.jpg,114.846626
epfl/tripod_seq_08_042.jpg,112.638037
epfl/tripod_seq_08_043.jpg,110.429448
epfl/tripod_seq_08_044.jpg,108.220859
epfl/tripod_seq_08_045.jpg,106.012270
epfl/tripod_seq_08_046.jpg,103.803681
epfl/tripod_seq_08_047.jpg,101.595092
epfl/tripod_seq_08_048.jpg,99.386503
epfl/tripod_seq_08_049.jpg,97.177914
epfl/tripod_seq_08_050.jpg,94.969325
epfl/tripod_seq_08_051.jpg,92.760736
epfl/tripod_seq_08_052.jpg,90.552147
epfl/tripod_seq_08_053.jpg,88.343558
epfl/tripod_seq_08_054.jpg,86.134969
epfl/tripod_seq_08_055.jpg,83.926380
epfl/tripod_seq_08_056.jpg,81.717791
epfl/tripod_seq_08_057.jpg,79.509202
epfl/tripod_seq_08_058.jpg,77.300613
epfl/tripod_seq_08_059.jpg,75.092025
epfl/tripod_seq_08_060.jpg,72.883436
epfl/tripod_seq_08_061.jpg,70.674847
epfl/tripod_seq_08_062.jpg,68.466258
epfl/tripod_seq_08_063.jpg,66.257669
epfl/tripod_seq_08_064.jpg,64.049080
epfl/tripod_seq_08_065.jpg,61.840491
epfl/tripod_seq_08_066.jpg,59.631902
epfl/tripod_seq_08_067.jpg,57.423313
epfl/tripod_seq_08_068.jpg,55.214724
epfl/tripod_seq_08_069.jpg,53.006135
epfl/tripod_seq_08_070.jpg,50.797546
epfl/tripod_seq_08_071.jpg,48.588957
epfl/tripod_seq_08_072.jpg,46.380368
epfl/tripod_seq_08_073.jpg,44.171779
epfl/tripod_seq_08_074.jpg,41.963190
epfl/tripod_seq_08_075.jpg,39.754601
epfl/tripod_seq_08_076.jpg,37.546012
epfl/tripod_seq_08_077.jpg,35.337423
epfl/tripod_seq_08_078.jpg,33.128834
epfl/tripod_seq_08_079.jpg,30.920245
epfl/tripod_seq_08_080.jpg,28.711656
epfl/tripod_seq_08_081.jpg,26.503067
epfl/tripod_seq_08_082.jpg,24.294479
epfl/tripod_seq_08_083.jpg,22.085890
epfl/tripod_seq_08_084.jpg,19.877301
epfl/tripod_seq_08_085.jpg,17.668712
epfl/tripod_seq_08_086.jpg,15.460123
epfl/tripod_seq_08_087.jpg,13.251534
epfl/tripod_seq_08_088.jpg,11.042945
epfl/tripod_seq_08_089.jpg,8.834356
epfl/tripod_seq_08_090.jpg,6.625767
epfl/tripod_seq_08_091.jpg,4.417178
epfl/tripod_seq_08_092.jpg,2.208589
epfl/tripod_seq_08_093.jpg,0.000000
epfl/tripod_seq_08_094.jpg,357.791411
epfl/tripod_seq_08_095.jpg,355.582822
epfl/tripod_seq_08_096.jpg,353.374233
epfl/tripod_seq_08_097.jpg,351.165644
epfl/tripod_seq_08_098.jpg,348.957055
epfl/tripod_seq_08_099.jpg,346.748466
epfl/tripod_seq_08_100.jpg,344.539877
epfl/tripod_seq_08_101.jpg,342.331288
epfl/tripod_seq_08_102.jpg,340.122699
epfl/tripod_seq_08_103.jpg,337.914110
epfl/tripod_seq_08_104.jpg,335.705521
epfl/tripod_seq_08_105.jpg,333.496933
epfl/tripod_seq_08_106.jpg,331.288344
epfl/tripod_seq_08_107.jpg,329.079755
epfl/tripod_seq_08_108.jpg,326.871166
epfl/tripod_seq_08_109.jpg,324.662577
epfl/tripod_seq_08_110.jpg,322.453988
epfl/tripod_seq_08_111.jpg,320.245399
epfl/tripod_seq_08_112.jpg,318.036810
epfl/tripod_seq_08_113.jpg,315.828221
epfl/tripod_seq_08_114.jpg,313.619632
epfl/tripod_seq_08_115.jpg,311.411043
epfl/tripod_seq_08_116.jpg,309.202454
epfl/tripod_seq_08_117.jpg,306.993865
epfl/tripod_seq_08_118.jpg,304.785276
epfl/tripod_seq_08_119.jpg,302.576687
epfl/tripod_seq_08_120.jpg,300.368098
epfl/tripod_seq_08_121.jpg,298.159509
epfl/tripod_seq_08_122.jpg,295.950920
epfl/tripod_seq_08_123.jpg,293.742331
epfl/tripod_seq_08_124.jpg,291.533742
epfl/tripod_seq_08_125.jpg,289.325153
epfl/tripod_seq_08_126.jpg,287.116564
epfl/tripod_seq_08_127.jpg,284.907975
epfl/tripod_seq_08_128.jpg,282.699387
epfl/tripod_seq_08_129.jpg,280.490798
epfl/tripod_seq_08_130.jpg,278.282209
epfl/tripod_seq_08_131.jpg,276.073620
epfl/tripod_seq_08_132.jpg,273.865031
epfl/tripod_seq_08_133.jpg,271.656442
epfl/tripod_seq_08_134.jpg,269.447853
epfl/tripod_seq_08_135.jpg,267.239264
epfl/tripod_seq_08_136.jpg,265.030675
epfl/tripod_seq_08_137.jpg,262.822086
epfl/tripod_seq_08_138.jpg,260.613497
epfl/tripod_seq_08_139.jpg,258.404908
epfl/tripod_seq_08_140.jpg,256.196319
epfl/tripod_seq_08_141.jpg,253.987730
epfl/tripod_seq_08_142.jpg,251.779141
epfl/tripod_seq_08_143.jpg,249.570552
epfl/tripod_seq_08_144.jpg,247.361963
epfl/tripod_seq_08_145.jpg,245.153374
epfl/tripod_seq_08_146.jpg,242.944785
epfl/tripod_seq_08_147.jpg,240.736196
epfl/tripod_seq_08_148.jpg,238.527607
epfl/tripod_seq_08_149.jpg,236.319018
epfl/tripod_seq_08_150.jpg,234.110429
epfl/tripod_seq_08_151.jpg,231.901840
epfl/tripod_seq_08_152.jpg,229.693252
epfl/tripod_seq_08_153.jpg,227.484663
epfl/tripod_seq_08_154.jpg,225.276074
epfl/tripod_seq_08_155.jpg,223.067485
epfl/tripod_seq_08_156.jpg,220.858896
epfl/tripod_seq_08_157.jpg,218.650307
epfl/tripod_seq_08_158.jpg,216.441718
epfl/tripod_seq_08_159.jpg,214.233129
epfl/tripod_seq_08_160.jpg,212.024540
epfl/tripod_seq_08_161.jpg,209.815951
epfl/tripod_seq_08_162.jpg,207.607362
epfl/tripod_seq_08_163.jpg,205.398773
epfl/tripod_seq_09_001.jpg,104.516129
epfl/tripod_seq_09_002.jpg,100.645161
epfl/tripod_seq_09_003.jpg,96.774194
epfl/tripod_seq_09_004.jpg,92.903226
epfl/tripod_seq_09_005.jpg,89.032258
epfl/tripod_seq_09_006.jpg,85.161290
epfl/tripod_seq_09_007.jpg,81.290323
epfl/tripod_seq_09_008.jpg,77.419355
epfl/tripod_seq_09_009.jpg,73.548387
epfl/tripod_seq_09_010.jpg,69.677419
epfl/tripod_seq_09_011.jpg,65.806452
epfl/tripod_seq_09_012.jpg,61.935484
epfl/tripod_seq_09_013.jpg,58.064516
epfl/tripod_seq_09_014.jpg,54.193548
epfl/tripod_seq_09_015.jpg,50.322581
epfl/tripod_seq_09_016.jpg,46.451613
epfl/tripod_seq_09_017.jpg,42.580645
epfl/tripod_seq_09_018.jpg,38.709677
epfl/tripod_seq_09_019.jpg,34.838710
epfl/tripod_seq_09_020.jpg,30.967742
epfl/tripod_seq_09_021.jpg,27.096774
epfl/tripod_seq_09_022.jpg,23.225806
epfl/tripod_seq_09_023.jpg,19.354839
epfl/tripod_seq_09_024.jpg,15.483871
epfl/tripod_seq_09_025.jpg,11.612903
epfl/tripod_seq_09_026.jpg,7.741935
epfl/tripod_seq_09_027.jpg,3.870968
epfl/tripod_seq_09_028.jpg,0.000000
epfl/tripod_seq_09_029.jpg,356.129032
epfl/tripod_seq_09_030.jpg,352.258065
epfl/tripod_seq_09_031.jpg,348.387097
epfl/tripod_seq_09_032.jpg,344.516129
epfl/tripod_seq_09_033.jpg,340.645161
epfl/tripod_seq_09_034.jpg,336.774194
epfl/tripod_seq_09_035.jpg,332.903226
epfl/tripod_seq_09_036.jpg,329.032258
epfl/tripod_seq_09_037.jpg,325.161290
epfl/tripod_seq_09_038.jpg,321.290323
epfl/tripod_seq_09_039.jpg,317.419355
epfl/tripod_seq_09_040.jpg,313.548387
epfl/tripod_seq_09_041.jpg,309.677419
epfl/tripod_seq_09_042.jpg,305.806452
epfl/tripod_seq_09_043.jpg,301.935484
epfl/tripod_seq_09_044.jpg,298.064516
epfl/tripod_seq_09_045.jpg,294.193548
epfl/tripod_seq_09_046.jpg,290.322581
epfl/tripod_seq_09_047.jpg,286.451613
epfl/tripod_seq_09_048.jpg,282.580645
epfl/tripod_seq_09_049.jpg,278.709677
epfl/tripod_seq_09_050.jpg,274.838710
epfl/tripod_seq_09_051.jpg,270.967742
epfl/tripod_seq_09_052.jpg,267.096774
epfl/tripod_seq_09_053.jpg,263.225806
epfl/tripod_seq_09_054.jpg,259.354839
epfl/tripod_seq_09_055.jpg,255.483871
epfl/tripod_seq_09_056.jpg,251.612903
epfl/tripod_seq_09_057.jpg,247.741935
epfl/tripod_seq_09_058.jpg,243.870968
epfl/tripod_seq_09_059.jpg,240.000000
epfl/tripod_seq_09_060.jpg,236.129032
epfl/tripod_seq_09_061.jpg,232.258065
epfl/tripod_seq_09_062.jpg,228.387097
epfl/tripod_seq_09_063.jpg,224.516129
epfl/tripod_seq_09_064.jpg,220.645161
epfl/tripod_seq_09_065.jpg,216.774194
epfl/tripod_seq_09_066.jpg,212.903226
epfl/tripod_seq_09_067.jpg,209.032258
epfl/tripod_seq_09_068.jpg,205.161290
epfl/tripod_seq_09_069.jpg,201.290323
epfl/tripod_seq_09_070.jpg,197.419355
epfl/tripod_seq_09_071.jpg,193.548387
epfl/tripod_seq_09_072.jpg,189.677419
epfl/tripod_seq_09_073.jpg,185.806452
epfl/tripod_seq_09_074.jpg,181.935484
epfl/tripod_seq_09_075.jpg,178.064516
epfl/tripod_seq_09_076.jpg,174.193548
epfl/tripod_seq_09_077.jpg,170.322581
epfl/tripod_seq_09_078.jpg,166.451613
epfl/tripod_seq_09_079.jpg,162.580645
epfl/tripod_seq_09_080.jpg,158.709677
epfl/tripod_seq_09_081.jpg,154.838710
epfl/tripod_seq_09_082.jpg,150.967742
epfl/tripod_seq_09_083.jpg,147.096774
epfl/tripod_seq_09_084.jpg,143.225806
epfl/tripod_seq_09_085.jpg,139.354839
epfl/tripod_seq_09_086.jpg,135.483871
epfl/tripod_seq_09_087.jpg,131.612903
epfl/tripod_seq_09_088.jpg,127.741935
epfl/tripod_seq_09_089.jpg,123.870968
epfl/tripod_seq_09_090.jpg,120.000000
epfl/tripod_seq_09_091.jpg,116.129032
epfl/tripod_seq_09_092.jpg,112.258065
epfl/tripod_seq_09_093.jpg,108.387097
epfl/tripod_seq_10_001.jpg,346.764706
epfl/tripod_seq_10_002.jpg,349.411765
epfl/tripod_seq_10_003.jpg,352.058824
epfl/tripod_seq_10_004.jpg,354.705882
epfl/tripod_seq_10_005.jpg,357.352941
epfl/tripod_seq_10_006.jpg,0.000000
epfl/tripod_seq_10_007.jpg,2.647059
epfl/tripod_seq_10_008.jpg,5.294118
epfl/tripod_seq_10_009.jpg,7.941176
epfl/tripod_seq_10_010.jpg,10.588235
epfl/tripod_seq_10_011.jpg,13.235294
epfl/tripod_seq_10_012.jpg,15.882353
epfl/tripod_seq_10_013.jpg,18.529412
epfl/tripod_seq_10_014.jpg,21.176471
epfl/tripod_seq_10_015.jpg,23.823529
epfl/tripod_seq_10_016.jpg,26.470588
epfl/tripod_seq_10_017.jpg,29.117647
epfl/tripod_seq_10_018.jpg,31.764706
epfl/tripod_seq_10_019.jpg,34.411765
epfl/tripod_seq_10_020.jpg,37.058824
epfl/tripod_seq_10_021.jpg,39.705882
epfl/tripod_seq_10_022.jpg,42.352941
epfl/tripod_seq_10_023.jpg,45.000000
epfl/tripod_seq_10_024.jpg,47.647059
epfl/tripod_seq_10_025.jpg,50.294118
epfl/tripod_seq_10_026.jpg,52.941176
epfl/tripod_seq_10_027.jpg,55.588235
epfl/tripod_seq_10_028.jpg,58.235294
epfl/tripod_seq_10_029.jpg,60.882353
epfl/tripod_seq_10_030.jpg,63.529412
epfl/tripod_seq_10_031.jpg,66.176471
epfl/tripod_seq_10_032.jpg,68.823529
epfl/tripod_seq_10_033.jpg,71.470588
epfl/tripod_seq_10_034.jpg,74.117647
epfl/tripod_seq_10_035.jpg,76.764706
epfl/tripod_seq_10_036.jpg,79.411765
epfl/tripod_seq_10_037.jpg,82.058824
epfl/tripod_seq_10_038.jpg,84.705882
epfl/tripod_seq_10_039.jpg,87.352941
epfl/tripod_seq_10_040.jpg,90.000000
epfl/tripod_seq_10_041.jpg,92.647059
epfl/tripod_seq_10_042.jpg,95.294118
epfl/tripod_seq_10_043.jpg,97.941176
epfl/tripod_seq_10_044.jpg,100.588235
epfl/tripod_seq_10_045.jpg,103.235294
epfl/tripod_seq_10_046.jpg,105.882353
epfl/tripod_seq_10_047.jpg,108.529412
epfl/tripod_seq_10_048.jpg,111.176471
epfl/tripod_seq_10_049.jpg,113.823529
epfl/tripod_seq_10_050.jpg,116.470588
epfl/tripod_seq_10_051.jpg,119.117647
epfl/tripod_seq_10_052.jpg,121.764706
epfl/tripod_seq_10_053.jpg,124.411765
epfl/tripod_seq_10_054.jpg,127.058824
epfl/tripod_seq_10_055.jpg,129.705882
epfl/tripod_seq_10_056.jpg,132.352941
epfl/tripod_seq_10_057.jpg,135.000000
epfl/tripod_seq_10_058.jpg,137.647059
epfl/tripod_seq_10_059.jpg,140.294118
epfl/tripod_seq_10_060.jpg,142.941176
epfl/tripod_seq_10_061.jpg,145.588235
epfl/tripod_seq_10_062.jpg,148.235294
epfl/tripod_seq_10_063.jpg,150.882353
epfl/tripod_seq_10_064.jpg,153.529412
epfl/tripod_seq_10_065.jpg,156.176471
epfl/tripod_seq_10_066.jpg,158.823529
epfl/tripod_seq_10_067.jpg,161.470588
epfl/tripod_seq_10_068.jpg,164.117647
epfl/tripod_seq_10_069.jpg,166.764706
epfl/tripod_seq_10_070.jpg,169.411765
epfl/tripod_seq_10_071.jpg,172.058824
epfl/tripod_seq_10_072.jpg,174.705882
epfl/tripod_seq_10_073.jpg,177.352941
epfl/tripod_seq_10_074.jpg,180.000000
epfl/tripod_seq_10_075.jpg,182.647059
epfl/tripod_seq_10_076.jpg,185.294118
epfl/tripod_seq_10_077.jpg,187.941176
epfl/tripod_seq_10_078.jpg,190.588235
epfl/tripod_seq_10_079.jpg,193.235294
epfl/tripod_seq_10_080.jpg,195.882353
epfl/tripod_seq_10_081.jpg,198.529412
epfl/tripod_seq_10_082.jpg,201.176471
epfl/tripod_seq_10_083.jpg,203.823529
epfl/tripod_seq_10_084.jpg,206.470588
epfl/tripod_seq_10_085.jpg,209.117647
epfl/tripod_seq_10_086.jpg,211.764706
epfl/tripod_seq_10_087.jpg,214.411765
epfl/tripod_seq_10_088.jpg,217.058824
epfl/tripod_seq_10_089.jpg,219.705882
epfl/tripod_seq_10_090.jpg,222.352941
epfl/tripod_seq_10_091.jpg,225.000000
epfl/tripod_seq_10_092.jpg,227.647059
epfl/tripod_seq_10_093.jpg,230.294118
epfl/tripod_seq_10_094.jpg,232.941176
epfl/tripod_seq_10_095.jpg,235.588235
epfl/tripod_seq_10_096.jpg,238.235294
epfl/tripod_seq_10_097.jpg,240.882353
epfl/tripod_seq_10_098.jpg,243.529412
epfl/tripod_seq_10_099.jpg,246.176471
epfl/tripod_seq_10_100.jpg,248.823529
epfl/tripod_seq_10_101.jpg,251.470588
epfl/tripod_seq_10_102.jpg,254.117647
epfl/tripod_seq_10_103.jpg,256.764706
epfl/tripod_seq_10_104.jpg,259.411765
epfl/tripod_seq_10_105.jpg,262.058824
epfl/tripod_seq_10_106.jpg,264.705882
epfl/tripod_seq_10_107.jpg,267.352941
epfl/tripod_seq_10_108.jpg,270.000000
epfl/tripod_seq_10_109.jpg,272.647059
epfl/tripod_seq_10_110.jpg,275.294118
epfl/tripod_seq_10_111.jpg,277.941176
epfl/tripod_seq_10_112.jpg,280.588235
epfl/tripod_seq_10_113.jpg,283.235294
epfl/tripod_seq_10_114.jpg,285.882353
epfl/tripod_seq_10_115.jpg,288.529412
epfl/tripod_seq_10_116.jpg,291.176471
epfl/tripod_seq_10_117.jpg,293.823529
epfl/tripod_seq_10_118.jpg,296.470588
epfl/tripod_seq_10_119.jpg,299.117647
epfl/tripod_seq_10_120.jpg,301.764706
epfl/tripod_seq_10_121.jpg,304.411765
epfl/tripod_seq_10_122.jpg,307.058824
epfl/tripod_seq_10_123.jpg,309.705882
epfl/tripod_seq_10_124.jpg,312.352941
epfl/tripod_seq_10_125.jpg,315.000000
epfl/tripod_seq_10_126.jpg,317.647059
epfl/tripod_seq_10_127.jpg,320.294118
epfl/tripod_seq_10_128.jpg,322.941176
epfl/tripod_seq_10_129.jpg,325.588235
epfl/tripod_seq_10_130.jpg,328.235294
epfl/tripod_seq_10_131.jpg,330.882353
epfl/tripod_seq_10_132.jpg,333.529412
epfl/tripod_seq_10_133.jpg,336.176471
epfl/tripod_seq_10_134.jpg,338.823529
epfl/tripod_seq_10_135.jpg,341.470588
epfl/tripod_seq_10_136.jpg,344.117647
epfl/tripod_seq_11_001.jpg,93.333333
epfl/tripod_seq_11_002.jpg,97.777778
epfl/tripod_seq_11_003.jpg,102.222222
epfl/tripod_seq_11_004.jpg,106.666667
epfl/tripod_seq_11_005.jpg,111.111111
epfl/tripod_seq_11_006.jpg,115.555556
epfl/tripod_seq_11_007.jpg,120.000000
epfl/tripod_seq_11_008.jpg,124.444444
epfl/tripod_seq_11_009.jpg,128.888889
epfl/tripod_seq_11_010.jpg,133.333333
epfl/tripod_seq_11_011.jpg,137.777778
epfl/tripod_seq_11_012.jpg,142.222222
epfl/tripod_seq_11_013.jpg,146.666667
epfl/tripod_seq_11_014.jpg,151.111111
epfl/tripod_seq_11_015.jpg,155.555556
epfl/tripod_seq_11_016.jpg,160.000000
epfl/tripod_seq_11_017.jpg,164.444444
epfl/tripod_seq_11_018.jpg,168.888889
epfl/tripod_seq_11_019.jpg,173.333333
epfl/tripod_seq_11_020.jpg,177.777778
epfl/tripod_seq_11_021.jpg,182.222222
epfl/tripod_seq_11_022.jpg,186.666667
epfl/tripod_seq_11_023.jpg,191.111111
epfl/tripod_seq_11_024.jpg,195.555556
epfl/tripod_seq_11_025.jpg,200.000000
epfl/tripod_seq_11_026.jpg,204.444444
epfl/tripod_seq_11_027.jpg,208.888889
epfl/tripod_seq_11_028.jpg,213.333333
epfl/tripod_seq_11_029.jpg,217.777778
epfl/tripod_seq_11_030.jpg,222.222222
epfl/tripod_seq_11_031.jpg,226.666667
epfl/tripod_seq_11_032.jpg,231.111111
epfl/tripod_seq_11_033.jpg,235.555556
epfl/tripod_seq_11_034.jpg,240.000000
epfl/tripod_seq_11_035.jpg,244.444444
epfl/tripod_seq_11_036.jpg,248.888889
epfl/tripod_seq_11_037.jpg,253.333333
epfl/tripod_seq_11_038.jpg,257.777778
epfl/tripod_seq_11_039.jpg,262.222222
epfl/tripod_seq_11_040.jpg,266.666667
epfl/tripod_seq_11_041.jpg,271.111111
epfl/tripod_seq_11_042.jpg,275.555556
epfl/tripod_seq_11_043.jpg,280.000000
epfl/tripod_seq_11_044.jpg,284.444444
epfl/tripod_seq_11_045.jpg,288.888889
epfl/tripod_seq_11_046.jpg,293.333333
epfl/tripod_seq_11_047.jpg,297.777778
epfl/tripod_seq_11_048.jpg,302.222222
epfl/tripod_seq_11_049.jpg,306.666667
epfl/tripod_seq_11_050.jpg,311.111111
epfl/tripod_seq_11_051.jpg,315.555556
epfl/tripod_seq_11_052.jpg,320.000000
epfl/tripod_seq_11_053.jpg,324.444444
epfl/tripod_seq_11_054.jpg,328.888889
epfl/tripod_seq_11_055.jpg,333.333333
epfl/tripod_seq_11_056.jpg,337.777778
epfl/tripod_seq_11_057.jpg,342.222222
epfl/tripod_seq_11_058.jpg,346.666667
epfl/tripod_seq_11_059.jpg,351.111111
epfl/tripod_seq_11_060.jpg,355.555556
epfl/tripod_seq_11_061.jpg,0.000000
epfl/tripod_seq_11_062.jpg,4.444444
epfl/tripod_seq_11_063.jpg,8.888889
epfl/tripod_seq_11_064.jpg,13.333333
epfl/tripod_seq_11_065.jpg,17.777778
epfl/tripod_seq_11_066.jpg,22.222222
epfl/tripod_seq_11_067.jpg,26.666667
epfl/tripod_seq_11_068.jpg,31.111111
epfl/tripod_seq_11_069.jpg,35.555556
epfl/tripod_seq_11_070.jpg,40.000000
epfl/tripod_seq_11_071.jpg,44.444444
epfl/tripod_seq_11_072.jpg,48.888889
epfl/tripod_seq_11_073.jpg,53.333333
epfl/tripod_seq_11_074.jpg,57.777778
epfl/tripod_seq_11_075.jpg,62.222222
epfl/tripod_seq_11_076.jpg,66.666667
epfl/tripod_seq_11_077.jpg,71.111111
epfl/tripod_seq_11_078.jpg,75.555556
epfl/tripod_seq_11_079.jpg,80.000000
epfl/tripod_seq_11_080.jpg,84.444444
epfl/tripod_seq_11_081.jpg,88.888889
epfl/tripod_seq_12_001.jpg,320.366972
epfl/tripod_seq_12_002.jpg,323.669725
epfl/tripod_seq_12_003.jpg,326.972477
epfl/tripod_seq_12_004.jpg,330.275229
epfl/tripod_seq_12_005.jpg,333.577982
epfl/tripod_seq_12_006.jpg,336.880734
epfl/tripod_seq_12_007.jpg,340.183486
epfl/tripod_seq_12_008.jpg,343.486239
epfl/tripod_seq_12_009.jpg,346.788991
epfl/tripod_seq_12_010.jpg,350.091743
epfl/tripod_seq_12_011.jpg,353.394495
epfl/tripod_seq_12_012.jpg,356.697248
epfl/tripod_seq_12_013.jpg,0.000000
epfl/tripod_seq_12_014.jpg,3.302752
epfl/tripod_seq_12_015.jpg,6.605505
epfl/tripod_seq_12_016.jpg,9.908257
epfl/tripod_seq_12_017.jpg,13.211009
epfl/tripod_seq_12_018.jpg,16.513761
epfl/tripod_seq_12_019.jpg,19.816514
epfl/tripod_seq_12_020.jpg,23.119266
epfl/tripod_seq_12_021.jpg,26.422018
epfl/tripod_seq_12_022.jpg,29.724771
epfl/tripod_seq_12_023.jpg,33.027523
epfl/tripod_seq_12_024.jpg,36.330275
epfl/tripod_seq_12_025.jpg,39.633028
epfl/tripod_seq_12_026.jpg,42.935780
epfl/tripod_seq_12_027.jpg,46.238532
epfl/tripod_seq_12_028.jpg,49.541284
epfl/tripod_seq_12_029.jpg,52.844037
epfl/tripod_seq_12_030.jpg,56.146789
epfl/tripod_seq_12_031.jpg,59.449541
epfl/tripod_seq_12_032.jpg,62.752294
epfl/tripod_seq_12_033.jpg,66.055046
epfl/tripod_seq_12_034.jpg,69.357798
epfl/tripod_seq_12_035.jpg,72.660550
epfl/tripod_seq_12_036.jpg,75.963303
epfl/tripod_seq_12_037.jpg,79.266055
epfl/tripod_seq_12_038.jpg,82.568807
epfl/tripod_seq_12_039.jpg,85.871560
epfl/tripod_seq_12_040.jpg,89.174312
epfl/tripod_seq_12_041.jpg,92.477064
epfl/tripod_seq_12_042.jpg,95.779817
epfl/tripod_seq_12_043.jpg,99.082569
epfl/tripod_seq_12_044.jpg,102.385321
epfl/tripod_seq_12_045.jpg,105.688073
epfl/tripod_seq_12_046.jpg,108.990826
epfl/tripod_seq_12_047.jpg,112.293578
epfl/tripod_seq_12_048.jpg,115.596330
epfl/tripod_seq_12_049.jpg,118.899083
epfl/tripod_seq_12_050.jpg,122.201835
epfl/tripod_seq_12_051.jpg,125.504587
epfl/tripod_seq_12_052.jpg,128.807339
epfl/tripod_seq_12_053.jpg,132.110092
epfl/tripod_seq_12_054.jpg,135.412844
epfl/tripod_seq_12_055.jpg,138.715596
epfl/tripod_seq_12_056.jpg,142.018349
epfl/tripod_seq_12_057.jpg,145.321101
epfl/tripod_seq_12_058.jpg,148.623853
epfl/tripod_seq_12_059.jpg,151.926606
epfl/tripod_seq_12_060.jpg,155.229358
epfl/tripod_seq_12_061.jpg,158.532110
epfl/tripod_seq_12_062.jpg,161.834862
epfl/tripod_seq_12_063.jpg,165.137615
epfl/tripod_seq_12_064.jpg,168.440367
epfl/tripod_seq_12_065.jpg,171.743119
epfl/tripod_seq_12_066.jpg,175.045872
epfl/tripod_seq_12_067.jpg,178.348624
epfl/tripod_seq_12_068.jpg,181.651376
epfl/tripod_seq_12_069.jpg,184.954128
epfl/tripod_seq_12_070.jpg,188.256881
epfl/tripod_seq_12_071.jpg,191.559633
epfl/tripod_seq_12_072.jpg,194.862385
epfl/tripod_seq_12_073.jpg,198.165138
epfl/tripod_seq_12_074.jpg,201.467890
epfl/tripod_seq_12_075.jpg,204.770642
epfl/tripod_seq_12_076.jpg,208.073394
epfl/tripod_seq_12_077.jpg,211.376147
epfl/tripod_seq_12_078.jpg,214.678899
epfl/tripod_seq_12_079.jpg,217.981651
epfl/tripod_seq_12_080.jpg,221.284404
epfl/tripod_seq_12_081.jpg,224.587156
epfl/tripod_seq_12_082.jpg,227.889908
epfl/tripod_seq_12_083.jpg,231.192661
epfl/tripod_seq_12_084.jpg,234.495413
epfl/tripod_seq_12_085.jpg,237.798165
epfl/tripod_seq_12_086.jpg,241.100917
epfl/tripod_seq_12_087.jpg,244.403670
epfl/tripod_seq_12_088.jpg,247.706422
epfl/tripod_seq_12_089.jpg,251.009174
epfl/tripod_seq_12_090.jpg,254.311927
epfl/tripod_seq_12_091.jpg,257.614679
epfl/tripod_seq_12_092.jpg,260.917431
epfl/tripod_seq_12_093.jpg,264.220183
epfl/tripod_seq_12_094.jpg,267.522936
epfl/tripod_seq_12_095.jpg,270.825688
epfl/tripod_seq_12_096.jpg,274.128440
epfl/tripod_seq_12_097.jpg,277.431193
epfl/tripod_seq_12_098.jpg,280.733945
epfl/tripod_seq_12_099.jpg,284.036697
epfl/tripod_seq_12_100.jpg,287.339450
epfl/tripod_seq_12_101.jpg,290.642202
epfl/tripod_seq_12_102.jpg,293.944954
epfl/tripod_seq_12_103.jpg,297.247706
epfl/tripod_seq_12_104.jpg,300.550459
epfl/tripod_seq_12_105.jpg,303.853211
epfl/tripod_seq_12_106.jpg,307.155963
epfl/tripod_seq_12_107.jpg,310.458716
epfl/tripod_seq_12_108.jpg,313.761468
epfl/tripod_seq_12_109.jpg,317.064220
epfl/tripod_seq_13_001.jpg,227.547170
epfl/tripod_seq_13_002.jpg,224.150943
epfl/tripod_seq_13_003.jpg,220.754717
epfl/tripod_seq_13_004.jpg,217.358491
epfl/tripod_seq_13_005.jpg,213.962264
epfl/tripod_seq_13_006.jpg,210.566038
epfl/tripod_seq_13_007.jpg,207.169811
epfl/tripod_seq_13_008.jpg,203.773585
epfl/tripod_seq_13_009.jpg,200.377358
epfl/tripod_seq_13_010.jpg,196.981132
epfl/tripod_seq_13_011.jpg,193.584906
epfl/tripod_seq_13_012.jpg,190.188679
epfl/tripod_seq_13_013.jpg,186.792453
epfl/tripod_seq_13_014.jpg,183.396226
epfl/tripod_seq_13_015.jpg,180.000000
epfl/tripod_seq_13_016.jpg,176.603774
epfl/tripod_seq_13_017.jpg,173.207547
epfl/tripod_seq_13_018.jpg,169.811321
epfl/tripod_seq_13_019.jpg,166.415094
epfl/tripod_seq_13_020.jpg,163.018868
epfl/tripod_seq_13_021.jpg,159.622642
epfl/tripod_seq_13_022.jpg,156.226415
epfl/tripod_seq_13_023.jpg,152.830189
epfl/tripod_seq_13_024.jpg,149.433962
epfl/tripod_seq_13_025.jpg,146.037736
epfl/tripod_seq_13_026.jpg,142.641509
epfl/tripod_seq_13_027.jpg,139.245283
epfl/tripod_seq_13_028.jpg,135.849057
epfl/tripod_seq_13_029.jpg,132.452830
epfl/tripod_seq_13_030.jpg,129.056604
epfl/tripod_seq_13_031.jpg,125.660377
epfl/tripod_seq_13_032.jpg,122.264151
epfl/tripod_seq_13_033.jpg,118.867925
epfl/tripod_seq_13_034.jpg,115.471698
epfl/tripod_seq_13_035.jpg,112.075472
epfl/tripod_seq_13_036.jpg,108.679245
epfl/tripod_seq_13_037.jpg,105.283019
epfl/tripod_seq_13_038.jpg,101.886792
epfl/tripod_seq_13_039.jpg,98.490566
epfl/tripod_seq_13_040.jpg,95.094340
epfl/tripod_seq_13_041.jpg,91.698113
epfl/tripod_seq_13_042.jpg,88.301887
epfl/tripod_seq_13_043.jpg,84.905660
epfl/tripod_seq_13_044.jpg,81.509434
epfl/tripod_seq_13_045.jpg,78.113208
epfl/tripod_seq_13_046.jpg,74.716981
epfl/tripod_seq_13_047.jpg,71.320755
epfl/tripod_seq_13_048.jpg,67.924528
epfl/tripod_seq_13_049.jpg,64.528302
epfl/tripod_seq_13_050.jpg,61.132075
epfl/tripod_seq_13_051.jpg,57.735849
epfl/tripod_seq_13_052.jpg,54.339623
epfl/tripod_seq_13_053.jpg,50.943396
epfl/tripod_seq_13_054.jpg,47.547170
epfl/tripod_seq_13_055.jpg,44.150943
epfl/tripod_seq_13_056.jpg,40.754717
epfl/tripod_seq_13_057.jpg,37.358491
epfl/tripod_seq_13_058.jpg,33.962264
epfl/tripod_seq_13_059.jpg,30.566038
epfl/tripod_seq_13_060.jpg,27.169811
epfl/tripod_seq_13_061.jpg,23.773585
epfl/tripod_seq_13_062.jpg,20.377358
epfl/tripod_seq_13_063.jpg,16.981132
epfl/tripod_seq_13_064.jpg,13.584906
epfl/tripod_seq_13_065.jpg,10.188679
epfl/tripod_seq_13_066.jpg,6.792453
epfl/tripod_seq_13_067.jpg,3.396226
epfl/tripod_seq_13_068.jpg,0.000000
epfl/tripod_seq_13_069.jpg,356.603774
epfl/tripod_seq_13_070.jpg,353.207547
epfl/tripod_seq_13_071.jpg,349.811321
epfl/tripod_seq_13_072.jpg,346.415094
epfl/tripod_seq_13_073.jpg,343.018868
epfl/tripod_seq_13_074.jpg,339.622642
epfl/tripod_seq_13_075.jpg,336.226415
epfl/tripod_seq_13_076.jpg,332.830189
epfl/tripod_seq_13_077.jpg,329.433962
epfl/tripod_seq_13_078.jpg,326.037736
epfl/tripod_seq_13_079.jpg,322.641509
epfl/tripod_seq_13_080.jpg,319.245283
epfl/tripod_seq_13_081.jpg,315.849057
epfl/tripod_seq_13_082.jpg,312.452830
epfl/tripod_seq_13_083.jpg,309.056604
epfl/tripod_seq_13_084.jpg,305.660377
epfl/tripod_seq_13_085.jpg,302.264151
epfl/tripod_seq_13_086.jpg,298.867925
epfl/tripod_seq_13_087.jpg,295.471698
epfl/tripod_seq_13_088.jpg,292.075472
epfl/tripod_seq_13_089.jpg,288.679245
epfl/tripod_seq_13_090.jpg,285.283019
epfl/tripod_seq_13_091.jpg,281.886792
epfl/tripod_seq_13_092.jpg,278.490566
epfl/tripod_seq_13_093.jpg,275.094340
epfl/tripod_seq_13_094.jpg,271.698113
epfl/tripod_seq_13_095.jpg,268.301887
epfl/tripod_seq_13_096.jpg,264.905660
epfl/tripod_seq_13_097.jpg,261.509434
epfl/tripod_seq_13_098.jpg,258.113208
epfl/tripod_seq_13_099.jpg,254.716981
epfl/tripod_seq_13_100.jpg,251.320755
epfl/tripod_seq_13_101.jpg,247.924528
epfl/tripod_seq_13_102.jpg,244.528302
epfl/tripod_seq_13_103.jpg,241.132075
epfl/tripod_seq_13_104.jpg,237.735849
epfl/tripod_seq_13_105.jpg,234.339623
epfl/tripod_seq_13_106.jpg,230.943396
epfl/tripod_seq_14_001.jpg,69.850746
epfl/tripod_seq_14_002.jpg,72.537313
epfl/tripod_seq_14_003.jpg,75.223881
epfl/tripod_seq_14_004.jpg,77.910448
epfl/tripod_seq_14_005.jpg,80.597015
epfl/tripod_seq_14_006.jpg,83.283582
epfl/tripod_seq_14_007.jpg,85.970149
epfl/tripod_seq_14_008.jpg,88.656716
epfl/tripod_seq_14_009.jpg,91.343284
epfl/tripod_seq_14_010.jpg,94.029851
epfl/tripod_seq_14_011.jpg,96.716418
epfl/tripod_seq_14_012.jpg,99.402985
epfl/tripod_seq_14_013.jpg,102.089552
epfl/tripod_seq_14_014.jpg,104.776119
epfl/tripod_seq_14_015.jpg,107.462687
epfl/tripod_seq_14_016.jpg,110.149254
epfl/tripod_seq_14_017.jpg,112.835821
epfl/tripod_seq_14_018.jpg,115.522388
epfl/tripod_seq_14_019.jpg,118.208955
epfl/tripod_seq_14_020.jpg,120.895522
epfl/tripod_seq_14_021.jpg,123.582090
epfl/tripod_seq_14_022.jpg,126.268657
epfl/tripod_seq_14_023.jpg,128.955224
epfl/tripod_seq_14_024.jpg,131.641791
epfl/tripod_seq_14_025.jpg,134.328358
epfl/tripod_seq_14_026.jpg,137.014925
epfl/tripod_seq_14_027.jpg,139.701493
epfl/tripod_seq_14_028.jpg,142.388060
epfl/tripod_seq_14_029.jpg,145.074627
epfl/tripod_seq_14_030.jpg,147.761194
epfl/tripod_seq_14_031.jpg,150.447761
epfl/tripod_seq_14_032.jpg,153.134328
epfl/tripod_seq_14_033.jpg,155.820896
epfl/tripod_seq_14_034.jpg,158.507463
epfl/tripod_seq_14_035.jpg,161.194030
epfl/tripod_seq_14_036.jpg,163.880597
epfl/tripod_seq_14_037.jpg,166.567164
epfl/tripod_seq_14_038.jpg,169.253731
epfl/tripod_seq_14_039.jpg,171.940299
epfl/tripod_seq_14_040.jpg,174.626866
epfl/tripod_seq_14_041.jpg,177.313433
epfl/tripod_seq_14_042.jpg,180.000000
epfl/tripod_seq_14_043.jpg,182.686567
epfl/tripod_seq_14_044.jpg,185.373134
epfl/tripod_seq_14_045.jpg,188.059701
epfl/tripod_seq_14_046.jpg,190.746269
epfl/tripod_seq_14_047.jpg,193.432836
epfl/tripod_seq_14_048.jpg,196.119403
epfl/tripod_seq_14_049.jpg,198.805970
epfl/tripod_seq_14_050.jpg,201.492537
epfl/tripod_seq_14_051.jpg,204.179104
epfl/tripod_seq_14_052.jpg,206.865672
epfl/tripod_seq_14_053.jpg,209.552239
epfl/tripod_seq_14_054.jpg,212.238806
epfl/tripod_seq_14_055.jpg,214.925373
epfl/tripod_seq_14_056.jpg,217.611940
epfl/tripod_seq_14_057.jpg,220.298507
epfl/tripod_seq_14_058.jpg,222.985075
epfl/tripod_seq_14_059.jpg,225.671642
epfl/tripod_seq_14_060.jpg,228.358209
epfl/tripod_seq_14_061.jpg,231.044776
epfl/tripod_seq_14_062.jpg,233.731343
epfl/tripod_seq_14_063.jpg,236.417910
epfl/tripod_seq_14_064.jpg,239.104478
epfl/tripod_seq_14_065.jpg,241.791045
epfl/tripod_seq_14_066.jpg,244.477612
epfl/tripod_seq_14_067.jpg,247.164179
epfl/tripod_seq_14_068.jpg,249.850746
epfl/tripod_seq_14_069.jpg,252.537313
epfl/tripod_seq_14_070.jpg,255.223881
epfl/tripod_seq_14_071.jpg,257.910448
epfl/tripod_seq_14_072.jpg,260.597015
epfl/tripod_seq_14_073.jpg,263.283582
epfl/tripod_seq_14_074.jpg,265.970149
epfl/tripod_seq_14_075.jpg,268.656716
epfl/tripod_seq_14_076.jpg,271.343284
epfl/tripod_seq_14_077.jpg,274.029851
epfl/tripod_seq_14_078.jpg,276.716418
epfl/tripod_seq_14_079.jpg,279.402985
epfl/tripod_seq_14_080.jpg,282.089552
epfl/tripod_seq_14_081.jpg,284.776119
epfl/tripod_seq_14_082.jpg,287.462687
epfl/tripod_seq_14_083.jpg,290.149254
epfl/tripod_seq_14_084.jpg,292.835821
epfl/tripod_seq_14_085.jpg,295.522388
epfl/tripod_seq_14_086.jpg,298.208955
epfl/tripod_seq_14_087.jpg,300.895522
epfl/tripod_seq_14_088.jpg,303.582090
epfl/tripod_seq_14_089.jpg,306.268657
epfl/tripod_seq_14_090.jpg,308.955224
epfl/tripod_seq_14_091.jpg,311.641791
epfl/tripod_seq_14_092.jpg,314.328358
epfl/tripod_seq_14_093.jpg,317.014925
epfl/tripod_seq_14_094.jpg,319.701493
epfl/tripod_seq_14_095.jpg,322.388060
epfl/tripod_seq_14_096.jpg,325.074627
epfl/tripod_seq_14_097.jpg,327.761194
epfl/tripod_seq_14_098.jpg,330.447761
epfl/tripod_seq_14_099.jpg,333.134328
epfl/tripod_seq_14_100.jpg,335.820896
epfl/tripod_seq_14_101.jpg,338.507463
epfl/tripod_seq_14_102.jpg,341.194030
epfl/tripod_seq_14_103.jpg,343.880597
epfl/tripod_seq_14_104.jpg,346.567164
epfl/tripod_seq_14_105.jpg,349.253731
epfl/tripod_seq_14_106.jpg,351.940299
epfl/tripod_seq_14_107.jpg,354.626866
epfl/tripod_seq_14_108.jpg,357.313433
epfl/tripod_seq_14_109.jpg,0.000000
epfl/tripod_seq_14_110.jpg,2.686567
epfl/tripod_seq_14_111.jpg,5.373134
epfl/tripod_seq_14_112.jpg,8.059701
epfl/tripod_seq_14_113.jpg,10.746269
epfl/tripod_seq_14_114.jpg,13.432836
epfl/tripod_seq_14_115.jpg,16.119403
epfl/tripod_seq_14_116.jpg,18.805970
epfl/tripod_seq_14_117.jpg,21.492537
epfl/tripod_seq_14_118.jpg,24.179104
epfl/tripod_seq_14_119.jpg,26.865672
epfl/tripod_seq_14_120.jpg,29.552239
epfl/tripod_seq_14_121.jpg,32.238806
epfl/tripod_seq_14_122.jpg,34.925373
epfl/tripod_seq_14_123.jpg,37.611940
epfl/tripod_seq_14_124.jpg,40.298507
epfl/tripod_seq_14_125.jpg,42.985075
epfl/tripod_seq_14_126.jpg,45.671642
epfl/tripod_seq_14_127.jpg,48.358209
epfl/tripod_seq_14_128.jpg,51.044776
epfl/tripod_seq_14_129.jpg,53.731343
epfl/tripod_seq_14_130.jpg,56.417910
epfl/tripod_seq_14_131.jpg,59.104478
epfl/tripod_seq_14_132.jpg,61.791045
epfl/tripod_seq_14_133.jpg,64.477612
epfl/tripod_seq_14_134.jpg,67.164179
epfl/tripod_seq_15_001.jpg,347.142857
epfl/tripod_seq_15_002.jpg,351.428571
epfl/tripod_seq_15_003.jpg,355.714286
epfl/tripod_seq_15_004.jpg,0.000000
epfl/tripod_seq_15_005.jpg,4.285714
epfl/tripod_seq_15_006.jpg,8.571429
epfl/tripod_seq_15_007.jpg,12.857143
epfl/tripod_seq_15_008.jpg,17.142857
epfl/tripod_seq_15_009.jpg,21.428571
epfl/tripod_seq_15_010.jpg,25.714286
epfl/tripod_seq_15_011.jpg,30.000000
epfl/tripod_seq_15_012.jpg,34.285714
epfl/tripod_seq_15_013.jpg,38.571429
epfl/tripod_seq_15_014.jpg,42.857143
epfl/tripod_seq_15_015.jpg,47.142857
epfl/tripod_seq_15_016.jpg,51.428571
epfl/tripod_seq_15_017.jpg,55.714286
epfl/tripod_seq_15_018.jpg,60.000000
epfl/tripod_seq_15_019.jpg,64.285714
epfl/tripod_seq_15_020.jpg,68.571429
epfl/tripod_seq_15_021.jpg,72.857143
epfl/tripod_seq_15_022.jpg,77.142857
epfl/tripod_seq_15_023.jpg,81.428571
epfl/tripod_seq_15_024.jpg,85.714286
epfl/tripod_seq_15_025.jpg,90.000000
epfl/tripod_seq_15_026.jpg,94.285714
epfl/tripod_seq_15_027.jpg,98.571429
epfl/tripod_seq_15_028.jpg,102.857143
epfl/tripod_seq_15_029.jpg,107.142857
epfl/tripod_seq_15_030.jpg,111.428571
epfl/tripod_seq_15_031.jpg,115.714286
epfl/tripod_seq_15_032.jpg,120.000000
epfl/tripod_seq_15_033.jpg,124.285714
epfl/tripod_seq_15_034.jpg,128.571429
epfl/tripod_seq_15_035.jpg,132.857143
epfl/tripod_seq_15_036.jpg,137.142857
epfl/tripod_seq_15_037.jpg,141.428571
epfl/tripod_seq_15_038.jpg,145.714286
epfl/tripod_seq_15_039.jpg,150.000000
epfl/tripod_seq_15_040.jpg,154.285714
epfl/tripod_seq_15_041.jpg,158.571429
epfl/tripod_seq_15_042.jpg,162.857143
epfl/tripod_seq_15_043.jpg,167.142857
epfl/tripod_seq_15_044.jpg,171.428571
epfl/tripod_seq_15_045.jpg,175.714286
epfl/tripod_seq_15_046.jpg,180.000000
epfl/tripod_seq_15_047.jpg,184.285714
epfl/tripod_seq_15_048.jpg,188.571429
epfl/tripod_seq_15_049.jpg,192.857143
epfl/tripod_seq_15_050.jpg,197.142857
epfl/tripod_seq_15_051.jpg,201.428571
epfl/tripod_seq_15_052.jpg,205.714286
epfl/tripod_seq_15_053.jpg,210.000000
epfl/tripod_seq_15_054.jpg,214.285714
epfl/tripod_seq_15_055.jpg,218.571429
epfl/tripod_seq_15_056.jpg,222.857143
epfl/tripod_seq_15_057.jpg,227.142857
epfl/tripod_seq_15_058.jpg,231.428571
epfl/tripod_seq_15_059.jpg,235.714286
epfl/tripod_seq_15_060.jpg,240.000000
epfl/tripod_seq_15_061.jpg,244.285714
epfl/tripod_seq_15_062.jpg,248.571429
epfl/tripod_seq_15_063.jpg,252.857143
epfl/tripod_seq_15_064.jpg,257.142857
epfl/tripod_seq_15_065.jpg,261.428571
epfl/tripod_seq_15_066.jpg,265.714286
epfl/tripod_seq_15_067.jpg,270.000000
epfl/tripod_seq_15_068.jpg,274.285714
epfl/tripod_seq_15_069.jpg,278.571429
epfl/tripod_seq_15_070.jpg,282.857143
epfl/tripod_seq_15_071.jpg,287.142857
epfl/tripod_seq_15_072.jpg,291.428571
epfl/tripod_seq_15_073.jpg,295.714286
epfl/tripod_seq_15_074.jpg,300.000000
epfl/tripod_seq_15_075.jpg,304.285714
epfl/tripod_seq_15_076.jpg,308.571429
epfl/tripod_seq_15_077.jpg,312.857143
epfl/tripod_seq_15_078.jpg,317.142857
epfl/tripod_seq_15_079.jpg,321.428571
epfl/tripod_seq_15_080.jpg,325.714286
epfl/tripod_seq_15_081.jpg,330.000000
epfl/tripod_seq_15_082.jpg,334.285714
epfl/tripod_seq_15_083.jpg,338.571429
epfl/tripod_seq_15_084.jpg,342.857143
epfl/tripod_seq_16_001.jpg,334.285714
epfl/tripod_seq_16_002.jpg,337.142857
epfl/tripod_seq_16_003.jpg,340.000000
epfl/tripod_seq_16_004.jpg,342.857143
epfl/tripod_seq_16_005.jpg,345.714286
epfl/tripod_seq_16_006.jpg,348.571429
epfl/tripod_seq_16_007.jpg,351.428571
epfl/tripod_seq_16_008.jpg,354.285714
epfl/tripod_seq_16_009.jpg,357.142857
epfl/tripod_seq_16_010.jpg,0.000000
epfl/tripod_seq_16_011.jpg,2.857143
epfl/tripod_seq_16_012.jpg,5.714286
epfl/tripod_seq_16_013.jpg,8.571429
epfl/tripod_seq_16_014.jpg,11.428571
epfl/tripod_seq_16_015.jpg,14.285714
epfl/tripod_seq_16_016.jpg,17.142857
epfl/tripod_seq_16_017.jpg,20.000000
epfl/tripod_seq_16_018.jpg,22.857143
epfl/tripod_seq_16_019.jpg,25.714286
epfl/tripod_seq_16_020.jpg,28.571429
epfl/tripod_seq_16_021.jpg,31.428571
epfl/tripod_seq_16_022.jpg,34.285714
epfl/tripod_seq_16_023.jpg,37.142857
epfl/tripod_seq_16_024.jpg,40.000000
epfl/tripod_seq_16_025.jpg,42.857143
epfl/tripod_seq_16_026.jpg,45.714286
epfl/tripod_seq_16_027.jpg,48.571429
epfl/tripod_seq_16_028.jpg,51.428571
epfl/tripod_seq_16_029.jpg,54.285714
epfl/tripod_seq_16_030.jpg,57.142857
epfl/tripod_seq_16_031.jpg,60.000000
epfl/tripod_seq_16_032.jpg,62.857143
epfl/tripod_seq_16_033.jpg,65.714286
epfl/tripod_seq_16_034.jpg,68.571429
epfl/tripod_seq_16_035.jpg,71.428571
epfl/tripod_seq_16_036.jpg,74.285714
epfl/tripod_seq_16_037.jpg,77.142857
epfl/tripod_seq_16_038.jpg,80.000000
epfl/tripod_seq_16_039.jpg,82.857143
epfl/tripod_seq_16_040.jpg,85.714286
epfl/tripod_seq_16_041.jpg,88.571429
epfl/tripod_seq_16_042.jpg,91.428571
epfl/tripod_seq_16_043.jpg,94.285714
epfl/tripod_seq_16_044.jpg,97.142857
epfl/tripod_seq_16_045.jpg,100.000000
epfl/tripod_seq_16_046.jpg,102.857143
epfl/tripod_seq_16_047.jpg,105.714286
epfl/tripod_seq_16_048.jpg,108.571429
epfl/tripod_seq_16_049.jpg,111.428571
epfl/tripod_seq_16_050.jpg,114.285714
epfl/tripod_seq_16_051.jpg,117.142857
epfl/tripod_seq_16_052.jpg,120.000000
epfl/tripod_seq_16_053.jpg,122.857143
epfl/tripod_seq_16_054.jpg,125.714286
epfl/tripod_seq_16_055.jpg,128.571429
epfl/tripod_seq_16_056.jpg,131.428571
epfl/tripod_seq_16_057.jpg,134.285714
epfl/tripod_seq_16_058.jpg,137.142857
epfl/tripod_seq_16_059.jpg,140.000000
epfl/tripod_seq_16_060.jpg,142.857143
epfl/tripod_seq_16_061.jpg,145.714286
epfl/tripod_seq_16_062.jpg,148.571429
epfl/tripod_seq_16_063.jpg,151.428571
epfl/tripod_seq_16_064.jpg,154.285714
epfl/tripod_seq_16_065.jpg,157.142857
epfl/tripod_seq_16_066.jpg,160.000000
epfl/tripod_seq_16_067.jpg,162.857143
epfl/tripod_seq_16_068.jpg,165.714286
epfl/tripod_seq_16_069.jpg,168.571429
epfl/tripod_seq_16_070.jpg,171.428571
epfl/tripod_seq_16_071.jpg,174.285714
epfl/tripod_seq_16_072.jpg,177.142857
epfl/tripod_seq_16_073.jpg,180.000000
epfl/tripod_seq_16_074.jpg,182.857143
epfl/tripod_seq_16_075.jpg,185.714286
epfl/tripod_seq_16_076.jpg,188.571429
epfl/tripod_seq_16_077.jpg,191.428571
epfl/tripod_seq_16_078.jpg,194.285714
epfl/tripod_seq_16_079.jpg,197.142857
epfl/tripod_seq_16_080.jpg,200.000000
epfl/tripod_seq_16_081.jpg,202.857143
epfl/tripod_seq_16_082.jpg,205.714286
epfl/tripod_seq_16_083.jpg,208.571429
epfl/tripod_seq_16_084.jpg,211.428571
epfl/tripod_seq_16_085.jpg,214.285714
epfl/tripod_seq_16_086.jpg,217.142857
epfl/tripod_seq_16_087.jpg,220.000000
epfl/tripod_seq_16_088.jpg,222.857143
epfl/tripod_seq_16_089.jpg,225.714286
epfl/tripod_seq_16_090.jpg,228.571429
epfl/tripod_seq_16_091.jpg,231.428571
epfl/tripod_seq_16_092.jpg,234.285714
epfl/tripod_seq_16_093.jpg,237.142857
epfl/tripod_seq_16_094.jpg,240.000000
epfl/tripod_seq_16_095.jpg,242.857143
epfl/tripod_seq_16_096.jpg,245.714286
epfl/tripod_seq_16_097.jpg,248.571429
epfl/tripod_seq_16_098.jpg,251.428571
epfl/tripod_seq_16_099.jpg,254.285714
epfl/tripod_seq_16_100.jpg,257.142857
epfl/tripod_seq_16_101.jpg,260.000000
epfl/tripod_seq_16_102.jpg,262.857143
epfl/tripod_seq_16_103.jpg,265.714286
epfl/tripod_seq_16_104.jpg,268.571429
epfl/tripod_seq_16_105.jpg,271.428571
epfl/tripod_seq_16_106.jpg,274.285714
epfl/tripod_seq_16_107.jpg,277.142857
epfl/tripod_seq_16_108.jpg,280.000000
epfl/tripod_seq_16_109.jpg,282.857143
epfl/tripod_seq_16_110.jpg,285.714286
epfl/tripod_seq_16_111.jpg,288.571429
epfl/tripod_seq_16_112.jpg,291.428571
epfl/tripod_seq_16_113.jpg,294.285714
epfl/tripod_seq_16_114.jpg,297.142857
epfl/tripod_seq_16_115.jpg,300.000000
epfl/tripod_seq_16_116.jpg,302.857143
epfl/tripod_seq_16_117.jpg,305.714286
epfl/tripod_seq_16_118.jpg,308.571429
epfl/tripod_seq_16_119.jpg,311.428571
epfl/tripod_seq_16_120.jpg,314.285714
epfl/tripod_seq_16_121.jpg,317.142857
epfl/tripod_seq_16_122.jpg,320.000000
epfl/tripod_seq_16_123.jpg,322.857143
epfl/tripod_seq_16_124.jpg,325.714286
epfl/tripod_seq_16_125.jpg,328.571429
epfl/tripod_seq_16_126.jpg,331.428571
epfl/tripod_seq_17_001.jpg,189.152542
epfl/tripod_seq_17_002.jpg,186.101695
epfl/tripod_seq_17_003.jpg,183.050847
epfl/tripod_seq_17_004.jpg,180.000000
epfl/tripod_seq_17_005.jpg,176.949153
epfl/tripod_seq_17_006.jpg,173.898305
epfl/tripod_seq_17_007.jpg,170.847458
epfl/tripod_seq_17_008.jpg,167.796610
epfl/tripod_seq_17_009.jpg,164.745763
epfl/tripod_seq_17_010.jpg,161.694915
epfl/tripod_seq_17_011.jpg,158.644068
epfl/tripod_seq_17_012.jpg,155.593220
epfl/tripod_seq_17_013.jpg,152.542373
epfl/tripod_seq_17_014.jpg,149.491525
epfl/tripod_seq_17_015.jpg,146.440678
epfl/tripod_seq_17_016.jpg,143.389831
epfl/tripod_seq_17_017.jpg,140.338983
epfl/tripod_seq_17_018.jpg,137.288136
epfl/tripod_seq_17_019.jpg,134.237288
epfl/tripod_seq_17_020.jpg,131.186441
epfl/tripod_seq_17_021.jpg,128.135593
epfl/tripod_seq_17_022.jpg,125.084746
epfl/tripod_seq_17_023.jpg,122.033898
epfl/tripod_seq_17_024.jpg,118.983051
epfl/tripod_seq_17_025.jpg,115.932203
epfl/tripod_seq_17_026.jpg,112.881356
epfl/tripod_seq_17_027.jpg,109.830508
epfl/tripod_seq_17_028.jpg,106.779661
epfl/tripod_seq_17_029.jpg,103.728814
epfl/tripod_seq_17_030.jpg,100.677966
epfl/tripod_seq_17_031.jpg,97.627119
epfl/tripod_seq_17_032.jpg,94.576271
epfl/tripod_seq_17_033.jpg,91.525424
epfl/tripod_seq_17_034.jpg,88.474576
epfl/tripod_seq_17_035.jpg,85.423729
epfl/tripod_seq_17_036.jpg,82.372881
epfl/tripod_seq_17_037.jpg,79.322034
epfl/tripod_seq_17_038.jpg,76.271186
epfl/tripod_seq_17_039.jpg,73.220339
epfl/tripod_seq_17_040.jpg,70.169492
epfl/tripod_seq_17_041.jpg,67.118644
epfl/tripod_seq_17_042.jpg,64.067797
epfl/tripod_seq_17_043.jpg,61.016949
epfl/tripod_seq_17_044.jpg,57.966102
epfl/tripod_seq_17_045.jpg,54.915254
epfl/tripod_seq_17_046.jpg,51.864407
epfl/tripod_seq_17_047.jpg,48.813559
epfl/tripod_seq_17_048.jpg,45.762712
epfl/tripod_seq_17_049.jpg,42.711864
epfl/tripod_seq_17_050.jpg,39.661017
epfl/tripod_seq_17_051.jpg,36.610169
epfl/tripod_seq_17_052.jpg,33.559322
epfl/tripod_seq_17_053.jpg,30.508475
epfl/tripod_seq_17_054.jpg,27.457627
epfl/tripod_seq_17_055.jpg,24.406780
epfl/tripod_seq_17_056.jpg,21.355932
epfl/tripod_seq_17_057.jpg,18.305085
epfl/tripod_seq_17_058.jpg,15.254237
epfl/tripod_seq_17_059.jpg,12.203390
epfl/tripod_seq_17_060.jpg,9.152542
epfl/tripod_seq_17_061.jpg,6.101695
epfl/tripod_seq_17_062.jpg,3.050847
epfl/tripod_seq_17_063.jpg,0.000000
epfl/tripod_seq_17_064.jpg,356.949153
epfl/tripod_seq_17_065.jpg,353.898305
epfl/tripod_seq_17_066.jpg,350.847458
epfl/tripod_seq_17_067.jpg,347.796610
epfl/tripod_seq_17_068.jpg,344.745763
epfl/tripod_seq_17_069.jpg,341.694915
epfl/tripod_seq_17_070.jpg,338.644068
epfl/tripod_seq_17_071.jpg,335.593220
epfl/tripod_seq_17_072.jpg,332.542373
epfl/tripod_seq_17_073.jpg,329.491525
epfl/tripod_seq_17_074.jpg,326.440678
epfl/tripod_seq_17_075.jpg,323.389831
epfl/tripod_seq_17_076.jpg,320.338983
epfl/tripod_seq_17_077.jpg,317.288136
epfl/tripod_seq_17_078.jpg,314.237288
epfl/tripod_seq_17_079.jpg,311.186441
epfl/tripod_seq_17_080.jpg,308.135593
epfl/tripod_seq_17_081.jpg,305.084746
epfl/tripod_seq_17_082.jpg,302.033898
epfl/tripod_seq_17_083.jpg,298.983051
epfl/tripod_seq_17_084.jpg,295.932203
epfl/tripod_seq_17_085.jpg,292.881356
epfl/tripod_seq_17_086.jpg,289.830508
epfl/tripod_seq_17_087.jpg,286.779661
epfl/tripod_seq_17_088.jpg,283.728814
epfl/tripod_seq_17_089.jpg,280.677966
epfl/tripod_seq_17_090.jpg,277.627119
epfl/tripod_seq_17_091.jpg,274.576271
epfl/tripod_seq_17_092.jpg,271.525424
epfl/tripod_seq_17_093.jpg,268.474576
epfl/tripod_seq_17_094.jpg,265.423729
epfl/tripod_seq_17_095.jpg,262.372881
epfl/tripod_seq_17_096.jpg,259.322034
epfl/tripod_seq_17_097.jpg,256.271186
epfl/tripod_seq_17_098.jpg,253.220339
epfl/tripod_seq_17_099.jpg,250.169492
epfl/tripod_seq_17_100.jpg,247.118644
epfl/tripod_seq_17_101.jpg,244.067797
epfl/tripod_seq_17_102.jpg,241.016949
epfl/tripod_seq_17_103.jpg,237.966102
epfl/tripod_seq_17_104.jpg,234.915254
epfl/tripod_seq_17_105.jpg,231.864407
epfl/tripod_seq_17_106.jpg,228.813559
epfl/tripod_seq_17_107.jpg,225.762712
epfl/tripod_seq_17_108.jpg,222.711864
epfl/tripod_seq_17_109.jpg,219.661017
epfl/tripod_seq_17_110.jpg,216.610169
epfl/tripod_seq_17_111.jpg,213.559322
epfl/tripod_seq_17_112.jpg,210.508475
epfl/tripod_seq_17_113.jpg,207.457627
epfl/tripod_seq_17_114.jpg,204.406780
epfl/tripod_seq_17_115.jpg,201.355932
epfl/tripod_seq_17_116.jpg,198.305085
epfl/tripod_seq_17_117.jpg,195.254237
epfl/tripod_seq_17_118.jpg,192.203390
epfl/tripod_seq_18_001.jpg,70.000000
epfl/tripod_seq_18_002.jpg,73.333333
epfl/tripod_seq_18_003.jpg,76.666667
epfl/tripod_seq_18_004.jpg,80.000000
epfl/tripod_seq_18_005.jpg,83.333333
epfl/tripod_seq_18_006.jpg,86.666667
epfl/tripod_seq_18_007.jpg,90.000000
epfl/tripod_seq_18_008.jpg,93.333333
epfl/tripod_seq_18_009.jpg,96.666667
epfl/tripod_seq_18_010.jpg,100.000000
epfl/tripod_seq_18_011.jpg,103.333333
epfl/tripod_seq_18_012.jpg,106.666667
epfl/tripod_seq_18_013.jpg,110.000000
epfl/tripod_seq_18_014.jpg,113.333333
epfl/tripod_seq_18_015.jpg,116.666667
epfl/tripod_seq_18_016.jpg,120.000000
epfl/tripod_seq_18_017.jpg,123.333333
epfl/tripod_seq_18_018.jpg,126.666667
epfl/tripod_seq_18_019.jpg,130.000000
epfl/tripod_seq_18_020.jpg,133.333333
epfl/tripod_seq_18_021.jpg,136.666667
epfl/tripod_seq_18_022.jpg,140.000000
epfl/tripod_seq_18_023.jpg,143.333333
epfl/tripod_seq_18_024.jpg,146.666667
epfl/tripod_seq_18_025.jpg,150.000000
epfl/tripod_seq_18_026.jpg,153.333333
epfl/tripod_seq_18_027.jpg,156.666667
epfl/tripod_seq_18_028.jpg,160.000000
epfl/tripod_seq_18_029.jpg,163.333333
epfl/tripod_seq_18_030.jpg,166.666667
epfl/tripod_seq_18_031.jpg,170.000000
epfl/tripod_seq_18_032.jpg,173.333333
epfl/tripod_seq_18_033.jpg,176.666667
epfl/tripod_seq_18_034.jpg,180.000000
epfl/tripod_seq_18_035.jpg,183.333333
epfl/tripod_seq_18_036.jpg,186.666667
epfl/tripod_seq_18_037.jpg,190.000000
epfl/tripod_seq_18_038.jpg,193.333333
epfl/tripod_seq_18_039.jpg,196.666667
epfl/tripod_seq_18_040.jpg,200.000000
epfl/tripod_seq_18_041.jpg,203.333333
epfl/tripod_seq_18_042.jpg,206.666667
epfl/tripod_seq_18_043.jpg,210.000000
epfl/tripod_seq_18_044.jpg,213.333333
epfl/tripod_seq_18_045.jpg,216.666667
epfl/tripod_seq_18_046.jpg,220.000000
epfl/tripod_seq_18_047.jpg,223.333333
epfl/tripod_seq_18_048.jpg,226.666667
epfl/tripod_seq_18_049.jpg,230.000000
epfl/tripod_seq_18_050.jpg,233.333333
epfl/tripod_seq_18_051.jpg,236.666667
epfl/tripod_seq_18_052.jpg,240.000000
epfl/tripod_seq_18_053.jpg,243.333333
epfl/tripod_seq_18_054.jpg,246.666667
epfl/tripod_seq_18_055.jpg,250.000000
epfl/tripod_seq_18_056.jpg,253.333333
epfl/tripod_seq_18_057.jpg,256.666667
epfl/tripod_seq_18_058.jpg,260.000000
epfl/tripod_seq_18_059.jpg,263.333333
epfl/tripod_seq_18_060.jpg,266.666667
epfl/tripod_seq_18_061.jpg,270.000000
epfl/tripod_seq_18_062.jpg,273.333333
epfl/tripod_seq_18_063.jpg,276.666667
epfl/tripod_seq_18_064.jpg,280.000000
epfl/tripod_seq_18_065.jpg,283.333333
epfl/tripod_seq_18_066.jpg,286.666667
epfl/tripod_seq_18_067.jpg,290.000000
epfl/tripod_seq_18_068.jpg,293.333333
epfl/tripod_seq_18_069.jpg,296.666667
epfl/tripod_seq_18_070.jpg,300.000000
epfl/tripod_seq_18_071.jpg,303.333333
epfl/tripod_seq_18_072.jpg,306.666667
epfl/tripod_seq_18_073.jpg,310.000000
epfl/tripod_seq_18_074.jpg,313.333333
epfl/tripod_seq_18_075.jpg,316.666667
epfl/tripod_seq_18_076.jpg,320.000000
epfl/tripod_seq_18_077.jpg,323.333333
epfl/tripod_seq_18_078.jpg,326.666667
epfl/tripod_seq_18_079.jpg,330.000000
epfl/tripod_seq_18_080.jpg,333.333333
epfl/tripod_seq_18_081.jpg,336.666667
epfl/tripod_seq_18_082.jpg,340.000000
epfl/tripod_seq_18_083.jpg,343.333333
epfl/tripod_seq_18_084.jpg,346.666667
epfl/tripod_seq_18_085.jpg,350.000000
epfl/tripod_seq_18_086.jpg,353.333333
epfl/tripod_seq_18_087.jpg,356.666667
epfl/tripod_seq_18_088.jpg,0.000000
epfl/tripod_seq_18_089.jpg,3.333333
epfl/tripod_seq_18_090.jpg,6.666667
epfl/tripod_seq_18_091.jpg,10.000000
epfl/tripod_seq_18_092.jpg,13.333333
epfl/tripod_seq_18_093.jpg,16.666667
epfl/tripod_seq_18_094.jpg,20.000000
epfl/tripod_seq_18_095.jpg,23.333333
epfl/tripod_seq_18_096.jpg,26.666667
epfl/tripod_seq_18_097.jpg,30.000000
epfl/tripod_seq_18_098.jpg,33.333333
epfl/tripod_seq_18_099.jpg,36.666667
epfl/tripod_seq_18_100.jpg,40.000000
epfl/tripod_seq_18_101.jpg,43.333333
epfl/tripod_seq_18_102.jpg,46.666667
epfl/tripod_seq_18_103.jpg,50.000000
epfl/tripod_seq_18_104.jpg,53.333333
epfl/tripod_seq_18_105.jpg,56.666667
epfl/tripod_seq_18_106.jpg,60.000000
epfl/tripod_seq_18_107.jpg,63.333333
epfl/tripod_seq_18_108.jpg,66.666667
epfl/tripod_seq_19_001.jpg,172.500000
epfl/tripod_seq_19_002.jpg,176.250000
epfl/tripod_seq_19_003.jpg,180.000000
epfl/tripod_seq_19_004.jpg,183.750000
epfl/tripod_seq_19_005.jpg,187.500000
epfl/tripod_seq_19_006.jpg,191.250000
epfl/tripod_seq_19_007.jpg,195.000000
epfl/tripod_seq_19_008.jpg,198.750000
epfl/tripod_seq_19_009.jpg,202.500000
epfl/tripod_seq_19_010.jpg,206.250000
epfl/tripod_seq_19_011.jpg,210.000000
epfl/tripod_seq_19_012.jpg,213.750000
epfl/tripod_seq_19_013.jpg,217.500000
epfl/tripod_seq_19_014.jpg,221.250000
epfl/tripod_seq_19_015.jpg,225.000000
epfl/tripod_seq_19_016.jpg,228.750000
epfl/tripod_seq_19_017.jpg,232.500000
epfl/tripod_seq_19_018.jpg,236.250000
epfl/tripod_seq_19_019.jpg,240.000000
epfl/tripod_seq_19_020.jpg,243.750000
epfl/tripod_seq_19_021.jpg,247.500000
epfl/tripod_seq_19_022.jpg,251.250000
epfl/tripod_seq_19_023.jpg,255.000000
epfl/tripod_seq_19_024.jpg,258.750000
epfl/tripod_seq_19_025.jpg,262.500000
epfl/tripod_seq_19_026.jpg,266.250000
epfl/tripod_seq_19_027.jpg,270.000000
epfl/tripod_seq_19_028.jpg,273.750000
epfl/tripod_seq_19_029.jpg,277.500000
epfl/tripod_seq_19_030.jpg,281.250000
epfl/tripod_seq_19_031.jpg,285.000000
epfl/tripod_seq_19_032.jpg,288.750000
epfl/tripod_seq_19_033.jpg,292.500000
epfl/tripod_seq_19_034.jpg,296.250000
epfl/tripod_seq_19_035.jpg,300.000000
epfl/tripod_seq_19_036.jpg,303.750000
epfl/tripod_seq_19_037.jpg,307.500000
epfl/tripod_seq_19_038.jpg,311.250000
epfl/tripod_seq_19_039.jpg,315.000000
epfl/tripod_seq_19_040.jpg,318.750000
epfl/tripod_seq_19_041.jpg,322.500000
epfl/tripod_seq_19_042.jpg,326.250000
epfl/tripod_seq_19_043.jpg,330.000000
epfl/tripod_seq_19_044.jpg,333.750000
epfl/tripod_seq_19_045.jpg,337.500000
epfl/tripod_seq_19_046.jpg,341.250000
epfl/tripod_seq_19_047.jpg,345.000000
epfl/tripod_seq_19_048.jpg,348.750000
epfl/tripod_seq_19_049.jpg,352.500000
epfl/tripod_seq_19_050.jpg,356.250000
epfl/tripod_seq_19_051.jpg,0.000000
epfl/tripod_seq_19_052.jpg,3.750000
epfl/tripod_seq_19_053.jpg,7.500000
epfl/tripod_seq_19_054.jpg,11.250000
epfl/tripod_seq_19_055.jpg,15.000000
epfl/tripod_seq_19_056.jpg,18.750000
epfl/tripod_seq_19_057.jpg,22.500000
epfl/tripod_seq_19_058.jpg,26.250000
epfl/tripod_seq_19_059.jpg,30.000000
epfl/tripod_seq_19_060.jpg,33.750000
epfl/tripod_seq_19_061.jpg,37.500000
epfl/tripod_seq_19_062.jpg,41.250000
epfl/tripod_seq_19_063.jpg,45.000000
epfl/tripod_seq_19_064.jpg,48.750000
epfl/tripod_seq_19_065.jpg,52.500000
epfl/tripod_seq_19_066.jpg,56.250000
epfl/tripod_seq_19_067.jpg,60.000000
epfl/tripod_seq_19_068.jpg,63.750000
epfl/tripod_seq_19_069.jpg,67.500000
epfl/tripod_seq_19_070.jpg,71.250000
epfl/tripod_seq_19_071.jpg,75.000000
epfl/tripod_seq_19_072.jpg,78.750000
epfl/tripod_seq_19_073.jpg,82.500000
epfl/tripod_seq_19_074.jpg,86.250000
epfl/tripod_seq_19_075.jpg,90.000000
epfl/tripod_seq_19_076.jpg,93.750000
epfl/tripod_seq_19_077.jpg,97.500000
epfl/tripod_seq_19_078.jpg,101.250000
epfl/tripod_seq_19_079.jpg,105.000000
epfl/tripod_seq_19_080.jpg,108.750000
epfl/tripod_seq_19_081.jpg,112.500000
epfl/tripod_seq_19_082.jpg,116.250000
epfl/tripod_seq_19_083.jpg,120.000000
epfl/tripod_seq_19_084.jpg,123.750000
epfl/tripod_seq_19_085.jpg,127.500000
epfl/tripod_seq_19_086.jpg,131.250000
epfl/tripod_seq_19_087.jpg,135.000000
epfl/tripod_seq_19_088.jpg,138.750000
epfl/tripod_seq_19_089.jpg,142.500000
epfl/tripod_seq_19_090.jpg,146.250000
epfl/tripod_seq_19_091.jpg,150.000000
epfl/tripod_seq_19_092.jpg,153.750000
epfl/tripod_seq_19_093.jpg,157.500000
epfl/tripod_seq_19_094.jpg,161.250000
epfl/tripod_seq_19_095.jpg,165.000000
epfl/tripod_seq_19_096.jpg,168.750000
epfl/tripod_seq_20_001.jpg,265.000000
epfl/tripod_seq_20_002.jpg,260.000000
epfl/tripod_seq_20_003.jpg,255.000000
epfl/tripod_seq_20_004.jpg,250.000000
epfl/tripod_seq_20_005.jpg,245.000000
epfl/tripod_seq_20_006.jpg,240.000000
epfl/tripod_seq_20_007.jpg,235.000000
epfl/tripod_seq_20_008.jpg,230.000000
epfl/tripod_seq_20_009.jpg,225.000000
epfl/tripod_seq_20_010.jpg,220.000000
epfl/tripod_seq_20_011.jpg,215.000000
epfl/tripod_seq_20_012.jpg,210.000000
epfl/tripod_seq_20_013.jpg,205.000000
epfl/tripod_seq_20_014.jpg,200.000000
epfl/tripod_seq_20_015.jpg,195.000000
epfl/tripod_seq_20_016.jpg,190.000000
epfl/tripod_seq_20_017.jpg,185.000000
epfl/tripod_seq_20_018.jpg,180.000000
epfl/tripod_seq_20_019.jpg,175.000000
epfl/tripod_seq_20_020.jpg,170.000000
epfl/tripod_seq_20_021.jpg,165.000000
epfl/tripod_seq_20_022.jpg,160.000000
epfl/tripod_seq_20_023.jpg,155.000000
epfl/tripod_seq_20_024.jpg,150.000000
epfl/tripod_seq_20_025.jpg,145.000000
epfl/tripod_seq_20_026.jpg,140.000000
epfl/tripod_seq_20_027.jpg,135.000000
epfl/tripod_seq_20_028.jpg,130.000000
epfl/tripod_seq_20_029.jpg,125.000000
epfl/tripod_seq_20_030.jpg,120.000000
epfl/tripod_seq_20_031.jpg,115.000000
epfl/tripod_seq_20_032.jpg,110.000000
epfl/tripod_seq_20_033.jpg,105.000000
epfl/tripod_seq_20_034.jpg,100.000000
epfl/tripod_seq_20_035.jpg,95.000000
epfl/tripod_seq_20_036.jpg,90.000000
epfl/tripod_seq_20_037.jpg,85.000000
epfl/tripod_seq_20_038.jpg,80.000000
epfl/tripod_seq_20_039.jpg,75.000000
epfl/tripod_seq_20_040.jpg,70.000000
epfl/tripod_seq_20_041.jpg,65.000000
epfl/tripod_seq_20_042.jpg,60.000000
epfl/tripod_seq_20_043.jpg,55.000000
epfl/tripod_seq_20_044.jpg,50.000000
epfl/tripod_seq_20_045.jpg,45.000000
epfl/tripod_seq_20_046.jpg,40.000000
epfl/tripod_seq_20_047.jpg,35.000000
epfl/tripod_seq_20_048.jpg,30.000000
epfl/tripod_seq_20_049.jpg,25.000000
epfl/tripod_seq_20_050.jpg,20.000000
epfl/tripod_seq_20_051.jpg,15.000000
epfl/tripod_seq_20_052.jpg,10.000000
epfl/tripod_seq_20_053.jpg,5.000000
epfl/tripod_seq_20_054.jpg,0.000000
epfl/tripod_seq_20_055.jpg,355.000000
epfl/tripod_seq_20_056.jpg,350.000000
epfl/tripod_seq_20_057.jpg,345.000000
epfl/tripod_seq_20_058.jpg,340.000000
epfl/tripod_seq_20_059.jpg,335.000000
epfl/tripod_seq_20_060.jpg,330.000000
epfl/tripod_seq_20_061.jpg,325.000000
epfl/tripod_seq_20_062.jpg,320.000000
epfl/tripod_seq_20_063.jpg,315.000000
epfl/tripod_seq_20_064.jpg,310.000000
epfl/tripod_seq_20_065.jpg,305.000000
epfl/tripod_seq_20_066.jpg,300.000000
epfl/tripod_seq_20_067.jpg,295.000000
epfl/tripod_seq_20_068.jpg,290.000000
epfl/tripod_seq_20_069.jpg,285.000000
epfl/tripod_seq_20_070.jpg,280.000000
epfl/tripod_seq_20_071.jpg,275.000000
epfl/tripod_seq_20_072.jpg,270.000000
