epfl_train_augmented/IMG00737.jpg,157.090909
epfl_train_augmented/IMG00985.jpg,227.848101
epfl_train_augmented/IMG00226.jpg,256.082474
epfl_train_augmented/IMG01013.jpg,153.707865
epfl_train_augmented/IMG00166.jpg,244.403670
epfl_train_augmented/IMG01633.jpg,329.079755
epfl_train_augmented/IMG00876.jpg,341.772152
epfl_train_augmented/IMG00013.jpg,138.715596
epfl_train_augmented/IMG02179.jpg,312.352941
epfl_train_augmented/IMG01789.jpg,23.225806
epfl_train_augmented/IMG01187.jpg,171.147541
epfl_train_augmented/IMG01416.jpg,191.803279
epfl_train_augmented/IMG02205.jpg,93.333333
epfl_train_augmented/IMG00626.jpg,337.090909
epfl_train_augmented/IMG00412.jpg,0.000000
epfl_train_augmented/IMG02116.jpg,230.294118
epfl_train_augmented/IMG00187.jpg,211.376147
epfl_train_augmented/IMG00538.jpg,144.000000
epfl_train_augmented/IMG01251.jpg,76.721311
epfl_train_augmented/IMG02157.jpg,283.235294
epfl_train_augmented/IMG01309.jpg,351.147541
epfl_train_augmented/IMG00707.jpg,206.181818
epfl_train_augmented/IMG00371.jpg,348.865979
epfl_train_augmented/IMG00141.jpg,287.339450
epfl_train_augmented/IMG01697.jpg,258.404908
epfl_train_augmented/IMG00599.jpg,41.142857
epfl_train_augmented/IMG02082.jpg,185.294118
epfl_train_augmented/IMG00320.jpg,81.649485
epfl_train_augmented/IMG01967.jpg,31.764706
epfl_train_augmented/IMG01775.jpg,50.322581
epfl_train_augmented/IMG01754.jpg,89.032258
epfl_train_augmented/IMG00027.jpg,115.596330
epfl_train_augmented/IMG01557.jpg,53.006135
epfl_train_augmented/IMG01791.jpg,19.354839
epfl_train_augmented/IMG01339.jpg,306.885246
epfl_train_augmented/IMG00580.jpg,72.000000
epfl_train_augmented/IMG01722.jpg,229.693252
epfl_train_augmented/IMG00681.jpg,248.727273
epfl_train_augmented/IMG00288.jpg,141.030928
epfl_train_augmented/IMG00361.jpg,7.422680
epfl_train_augmented/IMG00759.jpg,121.090909
epfl_train_augmented/IMG00972.jpg,200.506329
epfl_train_augmented/IMG00698.jpg,219.272727
epfl_train_augmented/IMG01308.jpg,351.147541
epfl_train_augmented/IMG00355.jpg,18.556701
epfl_train_augmented/IMG00990.jpg,241.518987
epfl_train_augmented/IMG01474.jpg,143.558282
epfl_train_augmented/IMG00322.jpg,77.938144
epfl_train_augmented/IMG02046.jpg,137.647059
epfl_train_augmented/IMG00152.jpg,267.522936
epfl_train_augmented/IMG01838.jpg,286.451613
epfl_train_augmented/IMG00167.jpg,244.403670
epfl_train_augmented/IMG01076.jpg,24.269663
epfl_train_augmented/IMG01808.jpg,344.516129
epfl_train_augmented/IMG00039.jpg,95.779817
epfl_train_augmented/IMG00130.jpg,303.853211
epfl_train_augmented/IMG00820.jpg,19.636364
epfl_train_augmented/IMG00177.jpg,227.889908
epfl_train_augmented/IMG01437.jpg,185.521472
epfl_train_augmented/IMG02118.jpg,232.941176
epfl_train_augmented/IMG00066.jpg,49.541284
epfl_train_augmented/IMG02092.jpg,198.529412
epfl_train_augmented/IMG01039.jpg,101.123596
epfl_train_augmented/IMG01079.jpg,20.224719
epfl_train_augmented/IMG01649.jpg,311.411043
epfl_train_augmented/IMG01514.jpg,99.386503
epfl_train_augmented/IMG01070.jpg,36.404494
epfl_train_augmented/IMG01334.jpg,312.786885
epfl_train_augmented/IMG01346.jpg,295.081967
epfl_train_augmented/IMG01848.jpg,267.096774
epfl_train_augmented/IMG02199.jpg,338.823529
epfl_train_augmented/IMG01846.jpg,270.967742
epfl_train_augmented/IMG00633.jpg,327.272727
epfl_train_augmented/IMG02003.jpg,79.411765
epfl_train_augmented/IMG00836.jpg,353.454545
epfl_train_augmented/IMG00133.jpg,300.550459
epfl_train_augmented/IMG01110.jpg,315.505618
epfl_train_augmented/IMG01744.jpg,205.398773
epfl_train_augmented/IMG00935.jpg,113.924051
epfl_train_augmented/IMG00219.jpg,270.927835
epfl_train_augmented/IMG01763.jpg,73.548387
epfl_train_augmented/IMG01089.jpg,0.000000
epfl_train_augmented/IMG01669.jpg,289.325153
epfl_train_augmented/IMG01988.jpg,60.882353
epfl_train_augmented/IMG00279.jpg,159.587629
epfl_train_augmented/IMG01204.jpg,144.590164
epfl_train_augmented/IMG02072.jpg,172.058824
epfl_train_augmented/IMG00904.jpg,45.569620
epfl_train_augmented/IMG00591.jpg,54.857143
epfl_train_augmented/IMG01897.jpg,174.193548
epfl_train_augmented/IMG00018.jpg,128.807339
epfl_train_augmented/IMG01878.jpg,209.032258
epfl_train_augmented/IMG00108.jpg,340.183486
epfl_train_augmented/IMG02120.jpg,235.588235
epfl_train_augmented/IMG01188.jpg,168.196721
epfl_train_augmented/IMG00376.jpg,337.731959
epfl_train_augmented/IMG01387.jpg,236.065574
epfl_train_augmented/IMG00848.jpg,277.974684
epfl_train_augmented/IMG01106.jpg,323.595506
epfl_train_augmented/IMG01707.jpg,247.361963
epfl_train_augmented/IMG00020.jpg,125.504587
epfl_train_augmented/IMG00258.jpg,196.701031
epfl_train_augmented/IMG00410.jpg,3.428571
epfl_train_augmented/IMG01648.jpg,311.411043
epfl_train_augmented/IMG00874.jpg,337.215190
epfl_train_augmented/IMG00731.jpg,166.909091
epfl_train_augmented/IMG01871.jpg,224.516129
epfl_train_augmented/IMG01559.jpg,50.797546
epfl_train_augmented/IMG00071.jpg,42.935780
epfl_train_augmented/IMG02195.jpg,333.529412
epfl_train_augmented/IMG00099.jpg,356.697248
epfl_train_augmented/IMG00423.jpg,342.857143
epfl_train_augmented/IMG01200.jpg,150.491803
epfl_train_augmented/IMG02047.jpg,137.647059
epfl_train_augmented/IMG01107.jpg,323.595506
epfl_train_augmented/IMG02023.jpg,105.882353
epfl_train_augmented/IMG02106.jpg,217.058824
epfl_train_augmented/IMG00906.jpg,50.126582
epfl_train_augmented/IMG00677.jpg,255.272727
epfl_train_augmented/IMG01277.jpg,38.360656
epfl_train_augmented/IMG00975.jpg,205.063291
epfl_train_augmented/IMG01179.jpg,182.950820
epfl_train_augmented/IMG00175.jpg,231.192661
epfl_train_augmented/IMG00311.jpg,100.206186
epfl_train_augmented/IMG01833.jpg,298.064516
epfl_train_augmented/IMG01237.jpg,97.377049
epfl_train_augmented/IMG00892.jpg,18.227848
epfl_train_augmented/IMG00529.jpg,161.142857
epfl_train_augmented/IMG01105.jpg,327.640449
epfl_train_augmented/IMG01875.jpg,216.774194
epfl_train_augmented/IMG01074.jpg,28.314607
epfl_train_augmented/IMG00147.jpg,277.431193
epfl_train_augmented/IMG00784.jpg,78.545455
epfl_train_augmented/IMG00150.jpg,270.825688
epfl_train_augmented/IMG01238.jpg,94.426230
epfl_train_augmented/IMG01135.jpg,266.966292
epfl_train_augmented/IMG00795.jpg,62.181818
epfl_train_augmented/IMG01777.jpg,46.451613
epfl_train_augmented/IMG02194.jpg,333.529412
epfl_train_augmented/IMG01539.jpg,72.883436
epfl_train_augmented/IMG00347.jpg,33.402062
epfl_train_augmented/IMG00273.jpg,170.721649
epfl_train_augmented/IMG00645.jpg,307.636364
epfl_train_augmented/IMG00461.jpg,277.714286
epfl_train_augmented/IMG00703.jpg,212.727273
epfl_train_augmented/IMG00945.jpg,136.708861
epfl_train_augmented/IMG01592.jpg,13.251534
epfl_train_augmented/IMG01210.jpg,135.737705
epfl_train_augmented/IMG00395.jpg,304.329897
epfl_train_augmented/IMG00856.jpg,296.202532
epfl_train_augmented/IMG00638.jpg,317.454545
epfl_train_augmented/IMG02080.jpg,182.647059
epfl_train_augmented/IMG00356.jpg,14.845361
epfl_train_augmented/IMG00390.jpg,311.752577
epfl_train_augmented/IMG00546.jpg,130.285714
epfl_train_augmented/IMG01624.jpg,337.914110
epfl_train_augmented/IMG01710.jpg,242.944785
epfl_train_augmented/IMG02139.jpg,259.411765
epfl_train_augmented/IMG01426.jpg,196.564417
epfl_train_augmented/IMG01800.jpg,0.000000
epfl_train_augmented/IMG00878.jpg,346.329114
epfl_train_augmented/IMG01103.jpg,331.685393
epfl_train_augmented/IMG00908.jpg,54.683544
epfl_train_augmented/IMG01417.jpg,191.803279
epfl_train_augmented/IMG01716.jpg,236.319018
epfl_train_augmented/IMG01394.jpg,224.262295
epfl_train_augmented/IMG01490.jpg,125.889571
epfl_train_augmented/IMG00463.jpg,274.285714
epfl_train_augmented/IMG00927.jpg,95.696203
epfl_train_augmented/IMG02024.jpg,108.529412
epfl_train_augmented/IMG01100.jpg,335.730337
epfl_train_augmented/IMG00239.jpg,233.814433
epfl_train_augmented/IMG01758.jpg,81.290323
epfl_train_augmented/IMG00722.jpg,180.000000
epfl_train_augmented/IMG00193.jpg,201.467890
epfl_train_augmented/IMG02180.jpg,315.000000
epfl_train_augmented/IMG00683.jpg,245.454545
epfl_train_augmented/IMG01749.jpg,100.645161
epfl_train_augmented/IMG01827.jpg,309.677419
epfl_train_augmented/IMG01173.jpg,190.112360
epfl_train_augmented/IMG02204.jpg,93.333333
epfl_train_augmented/IMG00667.jpg,271.636364
epfl_train_augmented/IMG01050.jpg,76.853933
epfl_train_augmented/IMG01018.jpg,141.573034
epfl_train_augmented/IMG00670.jpg,265.090909
epfl_train_augmented/IMG00437.jpg,318.857143
epfl_train_augmented/IMG00779.jpg,88.363636
epfl_train_augmented/IMG01957.jpg,18.529412
epfl_train_augmented/IMG02075.jpg,174.705882
epfl_train_augmented/IMG01020.jpg,137.528090
epfl_train_augmented/IMG02150.jpg,275.294118
epfl_train_augmented/IMG01142.jpg,250.786517
epfl_train_augmented/IMG01402.jpg,212.459016
epfl_train_augmented/IMG00448.jpg,298.285714
epfl_train_augmented/IMG02132.jpg,251.470588
epfl_train_augmented/IMG00222.jpg,263.505155
epfl_train_augmented/IMG00490.jpg,226.285714
epfl_train_augmented/IMG00447.jpg,301.714286
epfl_train_augmented/IMG01191.jpg,165.245902
epfl_train_augmented/IMG00765.jpg,111.272727
epfl_train_augmented/IMG00801.jpg,52.363636
epfl_train_augmented/IMG01913.jpg,143.225806
epfl_train_augmented/IMG01987.jpg,58.235294
epfl_train_augmented/IMG00963.jpg,177.721519
epfl_train_augmented/IMG02061.jpg,156.176471
epfl_train_augmented/IMG01659.jpg,300.368098
epfl_train_augmented/IMG02105.jpg,214.411765
epfl_train_augmented/IMG02013.jpg,92.647059
epfl_train_augmented/IMG00435.jpg,322.285714
epfl_train_augmented/IMG01344.jpg,298.032787
epfl_train_augmented/IMG00528.jpg,161.142857
epfl_train_augmented/IMG00243.jpg,226.391753
epfl_train_augmented/IMG01326.jpg,324.590164
epfl_train_augmented/IMG02028.jpg,113.823529
epfl_train_augmented/IMG01983.jpg,52.941176
epfl_train_augmented/IMG01263.jpg,59.016393
epfl_train_augmented/IMG01690.jpg,265.030675
epfl_train_augmented/IMG00406.jpg,282.061856
epfl_train_augmented/IMG00377.jpg,337.731959
epfl_train_augmented/IMG00551.jpg,123.428571
epfl_train_augmented/IMG01678.jpg,278.282209
epfl_train_augmented/IMG00405.jpg,285.773196
epfl_train_augmented/IMG00237.jpg,237.525773
epfl_train_augmented/IMG00514.jpg,185.142857
epfl_train_augmented/IMG01560.jpg,48.588957
epfl_train_augmented/IMG01991.jpg,63.529412
epfl_train_augmented/IMG01146.jpg,242.696629
epfl_train_augmented/IMG00537.jpg,147.428571
epfl_train_augmented/IMG01303.jpg,0.000000
epfl_train_augmented/IMG02188.jpg,325.588235
epfl_train_augmented/IMG00920.jpg,82.025316
epfl_train_augmented/IMG01156.jpg,222.471910
epfl_train_augmented/IMG01600.jpg,4.417178
epfl_train_augmented/IMG01684.jpg,271.656442
epfl_train_augmented/IMG02151.jpg,275.294118
epfl_train_augmented/IMG01869.jpg,228.387097
epfl_train_augmented/IMG00946.jpg,141.265823
epfl_train_augmented/IMG00270.jpg,174.432990
epfl_train_augmented/IMG00060.jpg,59.449541
epfl_train_augmented/IMG00077.jpg,33.027523
epfl_train_augmented/IMG01973.jpg,39.705882
epfl_train_augmented/IMG00331.jpg,63.092784
epfl_train_augmented/IMG00644.jpg,307.636364
epfl_train_augmented/IMG00783.jpg,81.818182
epfl_train_augmented/IMG00294.jpg,129.896907
epfl_train_augmented/IMG00978.jpg,214.177215
epfl_train_augmented/IMG00293.jpg,133.608247
epfl_train_augmented/IMG01540.jpg,70.674847
epfl_train_augmented/IMG01370.jpg,259.672131
epfl_train_augmented/IMG02039.jpg,127.058824
epfl_train_augmented/IMG00348.jpg,29.690722
epfl_train_augmented/IMG01975.jpg,42.352941
epfl_train_augmented/IMG01373.jpg,256.721311
epfl_train_augmented/IMG00860.jpg,305.316456
epfl_train_augmented/IMG01762.jpg,73.548387
epfl_train_augmented/IMG01098.jpg,339.775281
epfl_train_augmented/IMG02007.jpg,84.705882
epfl_train_augmented/IMG00557.jpg,113.142857
epfl_train_augmented/IMG00891.jpg,13.670886
epfl_train_augmented/IMG01900.jpg,166.451613
epfl_train_augmented/IMG00382.jpg,326.597938
epfl_train_augmented/IMG00418.jpg,349.714286
epfl_train_augmented/IMG00880.jpg,350.886076
epfl_train_augmented/IMG01143.jpg,250.786517
epfl_train_augmented/IMG00197.jpg,194.862385
epfl_train_augmented/IMG00619.jpg,6.857143
epfl_train_augmented/IMG00104.jpg,346.788991
epfl_train_augmented/IMG00968.jpg,191.392405
epfl_train_augmented/IMG02093.jpg,198.529412
epfl_train_augmented/IMG01170.jpg,194.157303
epfl_train_augmented/IMG01124.jpg,287.191011
epfl_train_augmented/IMG00415.jpg,356.571429
epfl_train_augmented/IMG02133.jpg,251.470588
epfl_train_augmented/IMG00548.jpg,126.857143
epfl_train_augmented/IMG01984.jpg,55.588235
epfl_train_augmented/IMG00777.jpg,91.636364
epfl_train_augmented/IMG01647.jpg,313.619632
epfl_train_augmented/IMG01312.jpg,345.245902
epfl_train_augmented/IMG02127.jpg,243.529412
epfl_train_augmented/IMG02012.jpg,92.647059
epfl_train_augmented/IMG00499.jpg,212.571429
epfl_train_augmented/IMG01122.jpg,291.235955
epfl_train_augmented/IMG00295.jpg,129.896907
epfl_train_augmented/IMG00728.jpg,170.181818
epfl_train_augmented/IMG01053.jpg,72.808989
epfl_train_augmented/IMG00266.jpg,181.855670
epfl_train_augmented/IMG00302.jpg,115.051546
epfl_train_augmented/IMG00468.jpg,264.000000
epfl_train_augmented/IMG00800.jpg,52.363636
epfl_train_augmented/IMG02181.jpg,315.000000
epfl_train_augmented/IMG01681.jpg,276.073620
epfl_train_augmented/IMG00640.jpg,314.181818
epfl_train_augmented/IMG02089.jpg,193.235294
epfl_train_augmented/IMG00225.jpg,259.793814
epfl_train_augmented/IMG02060.jpg,156.176471
epfl_train_augmented/IMG00940.jpg,127.594937
epfl_train_augmented/IMG00103.jpg,350.091743
epfl_train_augmented/IMG01859.jpg,247.741935
epfl_train_augmented/IMG01131.jpg,275.056180
epfl_train_augmented/IMG01723.jpg,229.693252
epfl_train_augmented/IMG01364.jpg,268.524590
epfl_train_augmented/IMG01569.jpg,39.754601
epfl_train_augmented/IMG01057.jpg,64.719101
epfl_train_augmented/IMG00247.jpg,218.969072
epfl_train_augmented/IMG00578.jpg,75.428571
epfl_train_augmented/IMG01362.jpg,271.475410
epfl_train_augmented/IMG01484.jpg,132.515337
epfl_train_augmented/IMG00088.jpg,13.211009
epfl_train_augmented/IMG01751.jpg,96.774194
epfl_train_augmented/IMG00662.jpg,278.181818
epfl_train_augmented/IMG02184.jpg,320.294118
epfl_train_augmented/IMG01709.jpg,245.153374
epfl_train_augmented/IMG00861.jpg,305.316456
epfl_train_augmented/IMG00752.jpg,130.909091
epfl_train_augmented/IMG00914.jpg,68.354430
epfl_train_augmented/IMG01409.jpg,203.606557
epfl_train_augmented/IMG00875.jpg,337.215190
epfl_train_augmented/IMG01794.jpg,11.612903
epfl_train_augmented/IMG01636.jpg,324.662577
epfl_train_augmented/IMG01169.jpg,198.202247
epfl_train_augmented/IMG00741.jpg,150.545455
epfl_train_augmented/IMG00787.jpg,75.272727
epfl_train_augmented/IMG00064.jpg,52.844037
epfl_train_augmented/IMG01719.jpg,234.110429
epfl_train_augmented/IMG00554.jpg,116.571429
epfl_train_augmented/IMG00814.jpg,29.454545
epfl_train_augmented/IMG01167.jpg,202.247191
epfl_train_augmented/IMG02049.jpg,140.294118
epfl_train_augmented/IMG00134.jpg,297.247706
epfl_train_augmented/IMG00188.jpg,208.073394
epfl_train_augmented/IMG02113.jpg,225.000000
epfl_train_augmented/IMG00634.jpg,324.000000
epfl_train_augmented/IMG01407.jpg,206.557377
epfl_train_augmented/IMG01321.jpg,333.442623
epfl_train_augmented/IMG01903.jpg,162.580645
epfl_train_augmented/IMG00198.jpg,191.559633
epfl_train_augmented/IMG00291.jpg,137.319588
epfl_train_augmented/IMG01511.jpg,103.803681
epfl_train_augmented/IMG01227.jpg,112.131148
epfl_train_augmented/IMG00690.jpg,232.363636
epfl_train_augmented/IMG00786.jpg,75.272727
epfl_train_augmented/IMG01430.jpg,192.147239
epfl_train_augmented/IMG01552.jpg,57.423313
epfl_train_augmented/IMG01651.jpg,309.202454
epfl_train_augmented/IMG02067.jpg,164.117647
epfl_train_augmented/IMG01855.jpg,255.483871
epfl_train_augmented/IMG01938.jpg,354.705882
epfl_train_augmented/IMG01470.jpg,147.975460
epfl_train_augmented/IMG00864.jpg,314.430380
epfl_train_augmented/IMG02026.jpg,111.176471
epfl_train_augmented/IMG00146.jpg,277.431193
epfl_train_augmented/IMG00930.jpg,104.810127
epfl_train_augmented/IMG00440.jpg,312.000000
epfl_train_augmented/IMG01236.jpg,97.377049
epfl_train_augmented/IMG00317.jpg,89.072165
epfl_train_augmented/IMG01696.jpg,258.404908
epfl_train_augmented/IMG01301.jpg,2.950820
epfl_train_augmented/IMG01544.jpg,66.257669
epfl_train_augmented/IMG01140.jpg,254.831461
epfl_train_augmented/IMG01495.jpg,121.472393
epfl_train_augmented/IMG02100.jpg,209.117647
epfl_train_augmented/IMG00373.jpg,345.154639
epfl_train_augmented/IMG01589.jpg,17.668712
epfl_train_augmented/IMG00519.jpg,178.285714
epfl_train_augmented/IMG01388.jpg,233.114754
epfl_train_augmented/IMG00286.jpg,144.742268
epfl_train_augmented/IMG01905.jpg,158.709677
epfl_train_augmented/IMG01778.jpg,42.580645
epfl_train_augmented/IMG01257.jpg,67.868852
epfl_train_augmented/IMG01443.jpg,178.895706
epfl_train_augmented/IMG00416.jpg,353.142857
epfl_train_augmented/IMG00540.jpg,140.571429
epfl_train_augmented/IMG00474.jpg,253.714286
epfl_train_augmented/IMG00688.jpg,235.636364
epfl_train_augmented/IMG00012.jpg,138.715596
epfl_train_augmented/IMG00808.jpg,39.272727
epfl_train_augmented/IMG01055.jpg,68.764045
epfl_train_augmented/IMG01606.jpg,357.791411
epfl_train_augmented/IMG01582.jpg,24.294479
epfl_train_augmented/IMG01577.jpg,30.920245
epfl_train_augmented/IMG00310.jpg,100.206186
epfl_train_augmented/IMG00632.jpg,327.272727
epfl_train_augmented/IMG01774.jpg,50.322581
epfl_train_augmented/IMG01265.jpg,56.065574
epfl_train_augmented/IMG01374.jpg,253.770492
epfl_train_augmented/IMG02029.jpg,113.823529
epfl_train_augmented/IMG02036.jpg,124.411765
epfl_train_augmented/IMG01614.jpg,348.957055
epfl_train_augmented/IMG01650.jpg,309.202454
epfl_train_augmented/IMG01835.jpg,294.193548
epfl_train_augmented/IMG01161.jpg,214.382022
epfl_train_augmented/IMG00332.jpg,59.381443
epfl_train_augmented/IMG01625.jpg,337.914110
epfl_train_augmented/IMG00438.jpg,315.428571
epfl_train_augmented/IMG02041.jpg,129.705882
epfl_train_augmented/IMG01701.jpg,253.987730
epfl_train_augmented/IMG00657.jpg,288.000000
epfl_train_augmented/IMG00913.jpg,63.797468
epfl_train_augmented/IMG01853.jpg,259.354839
epfl_train_augmented/IMG01867.jpg,232.258065
epfl_train_augmented/IMG01214.jpg,129.836066
epfl_train_augmented/IMG00458.jpg,281.142857
epfl_train_augmented/IMG01874.jpg,216.774194
epfl_train_augmented/IMG01655.jpg,304.785276
epfl_train_augmented/IMG00367.jpg,356.288660
epfl_train_augmented/IMG00756.jpg,124.363636
epfl_train_augmented/IMG01368.jpg,262.622951
epfl_train_augmented/IMG01608.jpg,355.582822
epfl_train_augmented/IMG01434.jpg,187.730061
epfl_train_augmented/IMG01572.jpg,35.337423
epfl_train_augmented/IMG00131.jpg,303.853211
epfl_train_augmented/IMG01433.jpg,189.938650
epfl_train_augmented/IMG01119.jpg,299.325843
epfl_train_augmented/IMG01397.jpg,221.311475
epfl_train_augmented/IMG01618.jpg,344.539877
epfl_train_augmented/IMG01574.jpg,33.128834
epfl_train_augmented/IMG00129.jpg,307.155963
epfl_train_augmented/IMG00841.jpg,259.746835
epfl_train_augmented/IMG01481.jpg,136.932515
epfl_train_augmented/IMG01820.jpg,321.290323
epfl_train_augmented/IMG00105.jpg,346.788991
epfl_train_augmented/IMG01922.jpg,123.870968
epfl_train_augmented/IMG01007.jpg,165.842697
epfl_train_augmented/IMG01711.jpg,242.944785
epfl_train_augmented/IMG00526.jpg,164.571429
epfl_train_augmented/IMG01299.jpg,5.901639
epfl_train_augmented/IMG01635.jpg,326.871166
epfl_train_augmented/IMG00515.jpg,185.142857
epfl_train_augmented/IMG00618.jpg,6.857143
epfl_train_augmented/IMG01102.jpg,331.685393
epfl_train_augmented/IMG00600.jpg,37.714286
epfl_train_augmented/IMG00558.jpg,109.714286
epfl_train_augmented/IMG01978.jpg,47.647059
epfl_train_augmented/IMG01652.jpg,306.993865
epfl_train_augmented/IMG01282.jpg,29.508197
epfl_train_augmented/IMG00916.jpg,72.911392
epfl_train_augmented/IMG02187.jpg,322.941176
epfl_train_augmented/IMG00062.jpg,56.146789
epfl_train_augmented/IMG00570.jpg,89.142857
epfl_train_augmented/IMG00936.jpg,118.481013
epfl_train_augmented/IMG01849.jpg,267.096774
epfl_train_augmented/IMG01666.jpg,291.533742
epfl_train_augmented/IMG00673.jpg,261.818182
epfl_train_augmented/IMG00582.jpg,68.571429
epfl_train_augmented/IMG00486.jpg,233.142857
epfl_train_augmented/IMG00890.jpg,13.670886
epfl_train_augmented/IMG01787.jpg,27.096774
epfl_train_augmented/IMG01134.jpg,266.966292
epfl_train_augmented/IMG01479.jpg,139.141104
epfl_train_augmented/IMG01864.jpg,236.129032
epfl_train_augmented/IMG00303.jpg,115.051546
epfl_train_augmented/IMG01872.jpg,220.645161
epfl_train_augmented/IMG01590.jpg,15.460123
epfl_train_augmented/IMG00658.jpg,284.727273
epfl_train_augmented/IMG01223.jpg,118.032787
epfl_train_augmented/IMG00510.jpg,192.000000
epfl_train_augmented/IMG00075.jpg,36.330275
epfl_train_augmented/IMG00339.jpg,48.247423
epfl_train_augmented/IMG00933.jpg,109.367089
epfl_train_augmented/IMG01212.jpg,132.786885
epfl_train_augmented/IMG01662.jpg,295.950920
epfl_train_augmented/IMG01199.jpg,153.442623
epfl_train_augmented/IMG01570.jpg,37.546012
epfl_train_augmented/IMG00679.jpg,252.000000
epfl_train_augmented/IMG01891.jpg,185.806452
epfl_train_augmented/IMG02124.jpg,240.882353
epfl_train_augmented/IMG00883.jpg,355.443038
epfl_train_augmented/IMG00411.jpg,3.428571
epfl_train_augmented/IMG01130.jpg,275.056180
epfl_train_augmented/IMG01882.jpg,201.290323
epfl_train_augmented/IMG01450.jpg,170.061350
epfl_train_augmented/IMG00772.jpg,98.181818
epfl_train_augmented/IMG00584.jpg,65.142857
epfl_train_augmented/IMG01498.jpg,117.055215
epfl_train_augmented/IMG00754.jpg,127.636364
epfl_train_augmented/IMG01924.jpg,120.000000
epfl_train_augmented/IMG00886.jpg,4.556962
epfl_train_augmented/IMG01546.jpg,64.049080
epfl_train_augmented/IMG01860.jpg,243.870968
epfl_train_augmented/IMG01583.jpg,24.294479
epfl_train_augmented/IMG01883.jpg,201.290323
epfl_train_augmented/IMG01551.jpg,59.631902
epfl_train_augmented/IMG01832.jpg,298.064516
epfl_train_augmented/IMG01259.jpg,64.918033
epfl_train_augmented/IMG00497.jpg,216.000000
epfl_train_augmented/IMG00428.jpg,332.571429
epfl_train_augmented/IMG00852.jpg,287.088608
epfl_train_augmented/IMG00068.jpg,46.238532
epfl_train_augmented/IMG02066.jpg,164.117647
epfl_train_augmented/IMG01029.jpg,121.348315
epfl_train_augmented/IMG00094.jpg,3.302752
epfl_train_augmented/IMG01418.jpg,188.852459
epfl_train_augmented/IMG00952.jpg,154.936709
epfl_train_augmented/IMG00036.jpg,99.082569
epfl_train_augmented/IMG01369.jpg,262.622951
epfl_train_augmented/IMG00106.jpg,343.486239
epfl_train_augmented/IMG00810.jpg,36.000000
epfl_train_augmented/IMG02203.jpg,344.117647
epfl_train_augmented/IMG00308.jpg,103.917526
epfl_train_augmented/IMG00346.jpg,33.402062
epfl_train_augmented/IMG00220.jpg,267.216495
epfl_train_augmented/IMG01541.jpg,70.674847
epfl_train_augmented/IMG01209.jpg,138.688525
epfl_train_augmented/IMG02096.jpg,203.823529
epfl_train_augmented/IMG00344.jpg,37.113402
epfl_train_augmented/IMG01197.jpg,156.393443
epfl_train_augmented/IMG01942.jpg,0.000000
epfl_train_augmented/IMG00910.jpg,59.240506
epfl_train_augmented/IMG02178.jpg,312.352941
epfl_train_augmented/IMG02068.jpg,166.764706
epfl_train_augmented/IMG01531.jpg,81.717791
epfl_train_augmented/IMG00378.jpg,334.020619
epfl_train_augmented/IMG01249.jpg,79.672131
epfl_train_augmented/IMG00041.jpg,92.477064
epfl_train_augmented/IMG02043.jpg,132.352941
epfl_train_augmented/IMG00143.jpg,284.036697
epfl_train_augmented/IMG00083.jpg,23.119266
epfl_train_augmented/IMG00954.jpg,159.493671
epfl_train_augmented/IMG00051.jpg,75.963303
epfl_train_augmented/IMG00672.jpg,261.818182
epfl_train_augmented/IMG00858.jpg,300.759494
epfl_train_augmented/IMG00646.jpg,304.363636
epfl_train_augmented/IMG01934.jpg,349.411765
epfl_train_augmented/IMG00719.jpg,186.545455
epfl_train_augmented/IMG01302.jpg,0.000000
epfl_train_augmented/IMG01239.jpg,94.426230
epfl_train_augmented/IMG01222.jpg,118.032787
epfl_train_augmented/IMG00290.jpg,137.319588
epfl_train_augmented/IMG01080.jpg,16.179775
epfl_train_augmented/IMG01406.jpg,206.557377
epfl_train_augmented/IMG00263.jpg,189.278351
epfl_train_augmented/IMG00970.jpg,195.949367
epfl_train_augmented/IMG02182.jpg,317.647059
epfl_train_augmented/IMG01817.jpg,329.032258
epfl_train_augmented/IMG00394.jpg,304.329897
epfl_train_augmented/IMG00748.jpg,137.454545
epfl_train_augmented/IMG00573.jpg,85.714286
epfl_train_augmented/IMG01367.jpg,265.573770
epfl_train_augmented/IMG01863.jpg,240.000000
epfl_train_augmented/IMG02034.jpg,121.764706
epfl_train_augmented/IMG02077.jpg,177.352941
epfl_train_augmented/IMG01166.jpg,202.247191
epfl_train_augmented/IMG01273.jpg,44.262295
epfl_train_augmented/IMG02015.jpg,95.294118
epfl_train_augmented/IMG00095.jpg,3.302752
epfl_train_augmented/IMG00464.jpg,270.857143
epfl_train_augmented/IMG00780.jpg,85.090909
epfl_train_augmented/IMG00457.jpg,284.571429
epfl_train_augmented/IMG01916.jpg,135.483871
epfl_train_augmented/IMG01288.jpg,20.655738
epfl_train_augmented/IMG00986.jpg,232.405063
epfl_train_augmented/IMG00625.jpg,340.363636
epfl_train_augmented/IMG01001.jpg,177.977528
epfl_train_augmented/IMG01584.jpg,22.085890
epfl_train_augmented/IMG00962.jpg,177.721519
epfl_train_augmented/IMG01571.jpg,37.546012
epfl_train_augmented/IMG00138.jpg,290.642202
epfl_train_augmented/IMG00621.jpg,346.909091
epfl_train_augmented/IMG01740.jpg,209.815951
epfl_train_augmented/IMG01904.jpg,158.709677
epfl_train_augmented/IMG00766.jpg,108.000000
epfl_train_augmented/IMG01949.jpg,7.941176
epfl_train_augmented/IMG01873.jpg,220.645161
epfl_train_augmented/IMG00700.jpg,216.000000
epfl_train_augmented/IMG01062.jpg,52.584270
epfl_train_augmented/IMG01137.jpg,262.921348
epfl_train_augmented/IMG00300.jpg,118.762887
epfl_train_augmented/IMG00507.jpg,198.857143
epfl_train_augmented/IMG00246.jpg,218.969072
epfl_train_augmented/IMG02002.jpg,79.411765
epfl_train_augmented/IMG01743.jpg,207.607362
epfl_train_augmented/IMG00466.jpg,267.428571
epfl_train_augmented/IMG00687.jpg,238.909091
epfl_train_augmented/IMG01269.jpg,50.163934
epfl_train_augmented/IMG02112.jpg,225.000000
epfl_train_augmented/IMG01692.jpg,262.822086
epfl_train_augmented/IMG01109.jpg,319.550562
epfl_train_augmented/IMG02121.jpg,235.588235
epfl_train_augmented/IMG00773.jpg,98.181818
epfl_train_augmented/IMG00775.jpg,94.909091
epfl_train_augmented/IMG00710.jpg,199.636364
epfl_train_augmented/IMG00893.jpg,18.227848
epfl_train_augmented/IMG00811.jpg,36.000000
epfl_train_augmented/IMG01895.jpg,178.064516
epfl_train_augmented/IMG00058.jpg,62.752294
epfl_train_augmented/IMG00212.jpg,168.440367
epfl_train_augmented/IMG01715.jpg,238.527607
epfl_train_augmented/IMG00830.jpg,3.272727
epfl_train_augmented/IMG01563.jpg,46.380368
epfl_train_augmented/IMG01656.jpg,302.576687
epfl_train_augmented/IMG00550.jpg,123.428571
epfl_train_augmented/IMG00547.jpg,130.285714
epfl_train_augmented/IMG01578.jpg,28.711656
epfl_train_augmented/IMG00000.jpg,158.532110
epfl_train_augmented/IMG00336.jpg,51.958763
epfl_train_augmented/IMG00278.jpg,159.587629
epfl_train_augmented/IMG00947.jpg,141.265823
epfl_train_augmented/IMG01947.jpg,5.294118
epfl_train_augmented/IMG00460.jpg,277.714286
epfl_train_augmented/IMG00694.jpg,225.818182
epfl_train_augmented/IMG01094.jpg,347.865169
epfl_train_augmented/IMG01781.jpg,38.709677
epfl_train_augmented/IMG01019.jpg,141.573034
epfl_train_augmented/IMG00813.jpg,32.727273
epfl_train_augmented/IMG01637.jpg,324.662577
epfl_train_augmented/IMG01945.jpg,2.647059
epfl_train_augmented/IMG00492.jpg,222.857143
epfl_train_augmented/IMG01802.jpg,356.129032
epfl_train_augmented/IMG01756.jpg,85.161290
epfl_train_augmented/IMG00742.jpg,147.272727
epfl_train_augmented/IMG00359.jpg,11.134021
epfl_train_augmented/IMG00905.jpg,45.569620
epfl_train_augmented/IMG01192.jpg,162.295082
epfl_train_augmented/IMG02159.jpg,285.882353
epfl_train_augmented/IMG01306.jpg,354.098361
epfl_train_augmented/IMG00665.jpg,274.909091
epfl_train_augmented/IMG02107.jpg,217.058824
epfl_train_augmented/IMG00666.jpg,271.636364
epfl_train_augmented/IMG00228.jpg,252.371134
epfl_train_augmented/IMG00244.jpg,222.680412
epfl_train_augmented/IMG01034.jpg,109.213483
epfl_train_augmented/IMG01919.jpg,131.612903
epfl_train_augmented/IMG01461.jpg,159.018405
epfl_train_augmented/IMG02175.jpg,307.058824
epfl_train_augmented/IMG01714.jpg,238.527607
epfl_train_augmented/IMG00049.jpg,79.266055
epfl_train_augmented/IMG00213.jpg,168.440367
epfl_train_augmented/IMG01015.jpg,149.662921
epfl_train_augmented/IMG01476.jpg,141.349693
epfl_train_augmented/IMG00523.jpg,171.428571
epfl_train_augmented/IMG00789.jpg,72.000000
epfl_train_augmented/IMG00011.jpg,142.018349
epfl_train_augmented/IMG01054.jpg,68.764045
epfl_train_augmented/IMG00513.jpg,188.571429
epfl_train_augmented/IMG00433.jpg,325.714286
epfl_train_augmented/IMG00928.jpg,100.253165
epfl_train_augmented/IMG02074.jpg,174.705882
epfl_train_augmented/IMG01093.jpg,351.910112
epfl_train_augmented/IMG00739.jpg,153.818182
epfl_train_augmented/IMG00615.jpg,13.714286
epfl_train_augmented/IMG01441.jpg,181.104294
epfl_train_augmented/IMG00274.jpg,167.010309
epfl_train_augmented/IMG00929.jpg,100.253165
epfl_train_augmented/IMG01357.jpg,280.327869
epfl_train_augmented/IMG00285.jpg,148.453608
epfl_train_augmented/IMG00938.jpg,123.037975
epfl_train_augmented/IMG02021.jpg,103.235294
epfl_train_augmented/IMG00119.jpg,323.669725
epfl_train_augmented/IMG01287.jpg,23.606557
epfl_train_augmented/IMG01877.jpg,212.903226
epfl_train_augmented/IMG01128.jpg,279.101124
epfl_train_augmented/IMG02144.jpg,267.352941
epfl_train_augmented/IMG00305.jpg,111.340206
epfl_train_augmented/IMG00849.jpg,277.974684
epfl_train_augmented/IMG01066.jpg,44.494382
epfl_train_augmented/IMG00923.jpg,86.582278
epfl_train_augmented/IMG00328.jpg,66.804124
epfl_train_augmented/IMG01221.jpg,120.983607
epfl_train_augmented/IMG01260.jpg,61.967213
epfl_train_augmented/IMG00794.jpg,62.181818
epfl_train_augmented/IMG00506.jpg,198.857143
epfl_train_augmented/IMG01675.jpg,282.699387
epfl_train_augmented/IMG00949.jpg,145.822785
epfl_train_augmented/IMG00209.jpg,175.045872
epfl_train_augmented/IMG01642.jpg,318.036810
epfl_train_augmented/IMG01320.jpg,333.442623
epfl_train_augmented/IMG00993.jpg,246.075949
epfl_train_augmented/IMG01356.jpg,280.327869
epfl_train_augmented/IMG01736.jpg,214.233129
epfl_train_augmented/IMG01805.jpg,352.258065
epfl_train_augmented/IMG01981.jpg,50.294118
epfl_train_augmented/IMG00074.jpg,36.330275
epfl_train_augmented/IMG00871.jpg,328.101266
epfl_train_augmented/IMG01771.jpg,58.064516
epfl_train_augmented/IMG01911.jpg,147.096774
epfl_train_augmented/IMG01595.jpg,11.042945
epfl_train_augmented/IMG00733.jpg,163.636364
epfl_train_augmented/IMG01275.jpg,41.311475
epfl_train_augmented/IMG00006.jpg,148.623853
epfl_train_augmented/IMG01415.jpg,194.754098
epfl_train_augmented/IMG01918.jpg,131.612903
epfl_train_augmented/IMG01970.jpg,37.058824
epfl_train_augmented/IMG01427.jpg,196.564417
epfl_train_augmented/IMG00110.jpg,336.880734
epfl_train_augmented/IMG00201.jpg,188.256881
epfl_train_augmented/IMG00032.jpg,105.688073
epfl_train_augmented/IMG00887.jpg,4.556962
epfl_train_augmented/IMG01347.jpg,295.081967
epfl_train_augmented/IMG00053.jpg,72.660550
epfl_train_augmented/IMG01468.jpg,150.184049
epfl_train_augmented/IMG01980.jpg,50.294118
epfl_train_augmented/IMG02091.jpg,195.882353
epfl_train_augmented/IMG01118.jpg,299.325843
epfl_train_augmented/IMG02052.jpg,145.588235
epfl_train_augmented/IMG00116.jpg,326.972477
epfl_train_augmented/IMG00314.jpg,92.783505
epfl_train_augmented/IMG01926.jpg,116.129032
epfl_train_augmented/IMG01478.jpg,139.141104
epfl_train_augmented/IMG00525.jpg,168.000000
epfl_train_augmented/IMG02198.jpg,338.823529
epfl_train_augmented/IMG01372.jpg,256.721311
epfl_train_augmented/IMG00445.jpg,305.142857
epfl_train_augmented/IMG00601.jpg,37.714286
epfl_train_augmented/IMG01432.jpg,189.938650
epfl_train_augmented/IMG00676.jpg,255.272727
epfl_train_augmented/IMG01623.jpg,340.122699
epfl_train_augmented/IMG01958.jpg,21.176471
epfl_train_augmented/IMG01127.jpg,283.146067
epfl_train_augmented/IMG00761.jpg,117.818182
epfl_train_augmented/IMG01545.jpg,66.257669
epfl_train_augmented/IMG00192.jpg,201.467890
epfl_train_augmented/IMG00598.jpg,41.142857
epfl_train_augmented/IMG00080.jpg,26.422018
epfl_train_augmented/IMG01235.jpg,100.327869
epfl_train_augmented/IMG01767.jpg,65.806452
epfl_train_augmented/IMG00491.jpg,226.285714
epfl_train_augmented/IMG02149.jpg,272.647059
epfl_train_augmented/IMG00388.jpg,315.463918
epfl_train_augmented/IMG00120.jpg,320.366972
epfl_train_augmented/IMG00307.jpg,107.628866
epfl_train_augmented/IMG00113.jpg,333.577982
epfl_train_augmented/IMG00686.jpg,238.909091
epfl_train_augmented/IMG01729.jpg,223.067485
epfl_train_augmented/IMG02153.jpg,277.941176
epfl_train_augmented/IMG02136.jpg,256.764706
epfl_train_augmented/IMG00701.jpg,216.000000
epfl_train_augmented/IMG02191.jpg,328.235294
epfl_train_augmented/IMG00979.jpg,214.177215
epfl_train_augmented/IMG02140.jpg,262.058824
epfl_train_augmented/IMG01009.jpg,161.797753
epfl_train_augmented/IMG01284.jpg,26.557377
epfl_train_augmented/IMG01176.jpg,185.901639
epfl_train_augmented/IMG00934.jpg,113.924051
epfl_train_augmented/IMG00637.jpg,320.727273
epfl_train_augmented/IMG02025.jpg,108.529412
epfl_train_augmented/IMG01153.jpg,230.561798
epfl_train_augmented/IMG00714.jpg,193.090909
epfl_train_augmented/IMG02078.jpg,180.000000
epfl_train_augmented/IMG00253.jpg,207.835052
epfl_train_augmented/IMG01044.jpg,88.988764
epfl_train_augmented/IMG01413.jpg,197.704918
epfl_train_augmented/IMG00696.jpg,222.545455
epfl_train_augmented/IMG02019.jpg,100.588235
epfl_train_augmented/IMG01996.jpg,71.470588
epfl_train_augmented/IMG02056.jpg,150.882353
epfl_train_augmented/IMG02111.jpg,222.352941
epfl_train_augmented/IMG00403.jpg,289.484536
epfl_train_augmented/IMG01464.jpg,154.601227
epfl_train_augmented/IMG00319.jpg,85.360825
epfl_train_augmented/IMG00909.jpg,54.683544
epfl_train_augmented/IMG00617.jpg,10.285714
epfl_train_augmented/IMG01706.jpg,247.361963
epfl_train_augmented/IMG01380.jpg,244.918033
epfl_train_augmented/IMG01083.jpg,12.134831
epfl_train_augmented/IMG01390.jpg,230.163934
epfl_train_augmented/IMG00485.jpg,236.571429
epfl_train_augmented/IMG00732.jpg,163.636364
epfl_train_augmented/IMG02063.jpg,158.823529
epfl_train_augmented/IMG00205.jpg,181.651376
epfl_train_augmented/IMG00190.jpg,204.770642
epfl_train_augmented/IMG00148.jpg,274.128440
epfl_train_augmented/IMG01086.jpg,4.044944
epfl_train_augmented/IMG01219.jpg,123.934426
epfl_train_augmented/IMG01708.jpg,245.153374
epfl_train_augmented/IMG01704.jpg,249.570552
epfl_train_augmented/IMG00181.jpg,221.284404
epfl_train_augmented/IMG00169.jpg,241.100917
epfl_train_augmented/IMG02053.jpg,145.588235
epfl_train_augmented/IMG02138.jpg,259.411765
epfl_train_augmented/IMG01041.jpg,97.078652
epfl_train_augmented/IMG01506.jpg,108.220859
epfl_train_augmented/IMG00178.jpg,224.587156
epfl_train_augmented/IMG01512.jpg,101.595092
epfl_train_augmented/IMG00450.jpg,294.857143
epfl_train_augmented/IMG01518.jpg,94.969325
epfl_train_augmented/IMG00048.jpg,79.266055
epfl_train_augmented/IMG01851.jpg,263.225806
epfl_train_augmented/IMG01612.jpg,351.165644
epfl_train_augmented/IMG00812.jpg,32.727273
epfl_train_augmented/IMG00145.jpg,280.733945
epfl_train_augmented/IMG00751.jpg,134.181818
epfl_train_augmented/IMG02119.jpg,232.941176
epfl_train_augmented/IMG01460.jpg,159.018405
epfl_train_augmented/IMG02196.jpg,336.176471
epfl_train_augmented/IMG01425.jpg,198.773006
epfl_train_augmented/IMG00674.jpg,258.545455
epfl_train_augmented/IMG01247.jpg,82.622951
epfl_train_augmented/IMG01316.jpg,339.344262
epfl_train_augmented/IMG02048.jpg,140.294118
epfl_train_augmented/IMG00372.jpg,345.154639
epfl_train_augmented/IMG01644.jpg,315.828221
epfl_train_augmented/IMG01480.jpg,136.932515
epfl_train_augmented/IMG01021.jpg,137.528090
epfl_train_augmented/IMG00098.jpg,356.697248
epfl_train_augmented/IMG01488.jpg,128.098160
epfl_train_augmented/IMG00563.jpg,102.857143
epfl_train_augmented/IMG00409.jpg,278.350515
epfl_train_augmented/IMG01566.jpg,41.963190
epfl_train_augmented/IMG00351.jpg,25.979381
epfl_train_augmented/IMG00379.jpg,334.020619
epfl_train_augmented/IMG01857.jpg,251.612903
epfl_train_augmented/IMG00918.jpg,77.468354
epfl_train_augmented/IMG00137.jpg,293.944954
epfl_train_augmented/IMG00211.jpg,171.743119
epfl_train_augmented/IMG00561.jpg,106.285714
epfl_train_augmented/IMG00797.jpg,58.909091
epfl_train_augmented/IMG01890.jpg,185.806452
epfl_train_augmented/IMG01788.jpg,23.225806
epfl_train_augmented/IMG01338.jpg,306.885246
epfl_train_augmented/IMG00708.jpg,202.909091
epfl_train_augmented/IMG02070.jpg,169.411765
epfl_train_augmented/IMG01240.jpg,91.475410
epfl_train_augmented/IMG01503.jpg,112.638037
epfl_train_augmented/IMG02165.jpg,293.823529
epfl_train_augmented/IMG02122.jpg,238.235294
epfl_train_augmented/IMG01509.jpg,106.012270
epfl_train_augmented/IMG00695.jpg,225.818182
epfl_train_augmented/IMG01228.jpg,109.180328
epfl_train_augmented/IMG01494.jpg,121.472393
epfl_train_augmented/IMG00323.jpg,77.938144
epfl_train_augmented/IMG02081.jpg,182.647059
epfl_train_augmented/IMG00002.jpg,155.229358
epfl_train_augmented/IMG00961.jpg,173.164557
epfl_train_augmented/IMG00610.jpg,20.571429
epfl_train_augmented/IMG00712.jpg,196.363636
epfl_train_augmented/IMG01816.jpg,329.032258
epfl_train_augmented/IMG00072.jpg,39.633028
epfl_train_augmented/IMG01717.jpg,236.319018
epfl_train_augmented/IMG00503.jpg,205.714286
epfl_train_augmented/IMG00899.jpg,31.898734
epfl_train_augmented/IMG00881.jpg,350.886076
epfl_train_augmented/IMG00151.jpg,270.825688
epfl_train_augmented/IMG01078.jpg,20.224719
epfl_train_augmented/IMG01944.jpg,2.647059
epfl_train_augmented/IMG00184.jpg,214.678899
epfl_train_augmented/IMG00350.jpg,25.979381
epfl_train_augmented/IMG01525.jpg,88.343558
epfl_train_augmented/IMG00562.jpg,102.857143
epfl_train_augmented/IMG01931.jpg,108.387097
epfl_train_augmented/IMG01366.jpg,265.573770
epfl_train_augmented/IMG00443.jpg,308.571429
epfl_train_augmented/IMG00017.jpg,132.110092
epfl_train_augmented/IMG01253.jpg,73.770492
epfl_train_augmented/IMG01224.jpg,115.081967
epfl_train_augmented/IMG00872.jpg,332.658228
epfl_train_augmented/IMG01129.jpg,279.101124
epfl_train_augmented/IMG01463.jpg,156.809816
epfl_train_augmented/IMG01921.jpg,127.741935
epfl_train_augmented/IMG00093.jpg,6.605505
epfl_train_augmented/IMG01286.jpg,23.606557
epfl_train_augmented/IMG02064.jpg,161.470588
epfl_train_augmented/IMG02085.jpg,187.941176
epfl_train_augmented/IMG00100.jpg,353.394495
epfl_train_augmented/IMG01014.jpg,149.662921
epfl_train_augmented/IMG00846.jpg,273.417722
epfl_train_augmented/IMG00622.jpg,343.636364
epfl_train_augmented/IMG02173.jpg,304.411765
epfl_train_augmented/IMG01298.jpg,5.901639
epfl_train_augmented/IMG00873.jpg,332.658228
epfl_train_augmented/IMG00312.jpg,96.494845
epfl_train_augmented/IMG02117.jpg,230.294118
epfl_train_augmented/IMG02154.jpg,280.588235
epfl_train_augmented/IMG01403.jpg,212.459016
epfl_train_augmented/IMG00299.jpg,122.474227
epfl_train_augmented/IMG00441.jpg,312.000000
epfl_train_augmented/IMG00067.jpg,49.541284
epfl_train_augmented/IMG02143.jpg,264.705882
epfl_train_augmented/IMG01730.jpg,220.858896
epfl_train_augmented/IMG01752.jpg,92.903226
epfl_train_augmented/IMG00518.jpg,178.285714
epfl_train_augmented/IMG01401.jpg,215.409836
epfl_train_augmented/IMG00469.jpg,264.000000
epfl_train_augmented/IMG01231.jpg,106.229508
epfl_train_augmented/IMG00835.jpg,356.727273
epfl_train_augmented/IMG00139.jpg,290.642202
epfl_train_augmented/IMG00649.jpg,301.090909
epfl_train_augmented/IMG00804.jpg,45.818182
epfl_train_augmented/IMG00532.jpg,154.285714
epfl_train_augmented/IMG00078.jpg,29.724771
epfl_train_augmented/IMG01893.jpg,181.935484
epfl_train_augmented/IMG01148.jpg,238.651685
epfl_train_augmented/IMG02192.jpg,330.882353
epfl_train_augmented/IMG00749.jpg,137.454545
epfl_train_augmented/IMG01972.jpg,39.705882
epfl_train_augmented/IMG00005.jpg,151.926606
epfl_train_augmented/IMG00826.jpg,9.818182
epfl_train_augmented/IMG00163.jpg,251.009174
epfl_train_augmented/IMG00149.jpg,274.128440
epfl_train_augmented/IMG00173.jpg,234.495413
epfl_train_augmented/IMG00086.jpg,16.513761
epfl_train_augmented/IMG00565.jpg,99.428571
epfl_train_augmented/IMG01297.jpg,8.852459
epfl_train_augmented/IMG00980.jpg,218.734177
epfl_train_augmented/IMG00326.jpg,70.515464
epfl_train_augmented/IMG00594.jpg,48.000000
epfl_train_augmented/IMG02045.jpg,135.000000
epfl_train_augmented/IMG01196.jpg,156.393443
epfl_train_augmented/IMG01928.jpg,112.258065
epfl_train_augmented/IMG01522.jpg,90.552147
epfl_train_augmented/IMG00845.jpg,268.860759
epfl_train_augmented/IMG01038.jpg,101.123596
epfl_train_augmented/IMG00590.jpg,54.857143
epfl_train_augmented/IMG01158.jpg,218.426966
epfl_train_augmented/IMG00052.jpg,72.660550
epfl_train_augmented/IMG00943.jpg,132.151899
epfl_train_augmented/IMG00114.jpg,330.275229
epfl_train_augmented/IMG01091.jpg,355.955056
epfl_train_augmented/IMG00829.jpg,6.545455
epfl_train_augmented/IMG00973.jpg,200.506329
epfl_train_augmented/IMG01807.jpg,348.387097
epfl_train_augmented/IMG01198.jpg,153.442623
epfl_train_augmented/IMG01322.jpg,330.491803
epfl_train_augmented/IMG02166.jpg,296.470588
epfl_train_augmented/IMG00757.jpg,124.363636
epfl_train_augmented/IMG01193.jpg,162.295082
epfl_train_augmented/IMG00549.jpg,126.857143
epfl_train_augmented/IMG00045.jpg,85.871560
epfl_train_augmented/IMG01534.jpg,77.300613
epfl_train_augmented/IMG00552.jpg,120.000000
epfl_train_augmented/IMG01811.jpg,340.645161
epfl_train_augmented/IMG01037.jpg,105.168539
epfl_train_augmented/IMG01329.jpg,321.639344
epfl_train_augmented/IMG01939.jpg,354.705882
epfl_train_augmented/IMG01175.jpg,186.067416
epfl_train_augmented/IMG00160.jpg,254.311927
epfl_train_augmented/IMG01385.jpg,239.016393
epfl_train_augmented/IMG00309.jpg,103.917526
epfl_train_augmented/IMG00044.jpg,85.871560
epfl_train_augmented/IMG02058.jpg,153.529412
epfl_train_augmented/IMG02163.jpg,291.176471
epfl_train_augmented/IMG00967.jpg,186.835443
epfl_train_augmented/IMG00365.jpg,0.000000
epfl_train_augmented/IMG01950.jpg,10.588235
epfl_train_augmented/IMG01879.jpg,209.032258
epfl_train_augmented/IMG01500.jpg,114.846626
epfl_train_augmented/IMG01605.jpg,0.000000
epfl_train_augmented/IMG00297.jpg,126.185567
epfl_train_augmented/IMG00895.jpg,22.784810
epfl_train_augmented/IMG00001.jpg,158.532110
epfl_train_augmented/IMG00155.jpg,264.220183
epfl_train_augmented/IMG00655.jpg,291.272727
epfl_train_augmented/IMG00453.jpg,291.428571
epfl_train_augmented/IMG01353.jpg,286.229508
epfl_train_augmented/IMG00941.jpg,127.594937
epfl_train_augmented/IMG00112.jpg,333.577982
epfl_train_augmented/IMG01935.jpg,349.411765
epfl_train_augmented/IMG00324.jpg,74.226804
epfl_train_augmented/IMG00535.jpg,150.857143
epfl_train_augmented/IMG01114.jpg,307.415730
epfl_train_augmented/IMG00065.jpg,52.844037
epfl_train_augmented/IMG00398.jpg,296.907216
epfl_train_augmented/IMG01654.jpg,304.785276
epfl_train_augmented/IMG00782.jpg,81.818182
epfl_train_augmented/IMG00799.jpg,55.636364
epfl_train_augmented/IMG01542.jpg,68.466258
epfl_train_augmented/IMG01147.jpg,242.696629
epfl_train_augmented/IMG02197.jpg,336.176471
epfl_train_augmented/IMG01092.jpg,351.910112
epfl_train_augmented/IMG01674.jpg,282.699387
epfl_train_augmented/IMG01528.jpg,83.926380
epfl_train_augmented/IMG00897.jpg,27.341772
epfl_train_augmented/IMG01702.jpg,251.779141
epfl_train_augmented/IMG01023.jpg,133.483146
epfl_train_augmented/IMG00342.jpg,40.824742
epfl_train_augmented/IMG00257.jpg,200.412371
epfl_train_augmented/IMG00790.jpg,68.727273
epfl_train_augmented/IMG00734.jpg,160.363636
epfl_train_augmented/IMG00476.jpg,250.285714
epfl_train_augmented/IMG00380.jpg,330.309278
epfl_train_augmented/IMG00229.jpg,252.371134
epfl_train_augmented/IMG01419.jpg,188.852459
epfl_train_augmented/IMG01713.jpg,240.736196
epfl_train_augmented/IMG01626.jpg,335.705521
epfl_train_augmented/IMG01783.jpg,34.838710
epfl_train_augmented/IMG00807.jpg,42.545455
epfl_train_augmented/IMG02044.jpg,135.000000
epfl_train_augmented/IMG00689.jpg,235.636364
epfl_train_augmented/IMG01032.jpg,113.258427
epfl_train_augmented/IMG01977.jpg,45.000000
epfl_train_augmented/IMG00884.jpg,0.000000
epfl_train_augmented/IMG02114.jpg,227.647059
epfl_train_augmented/IMG01641.jpg,320.245399
epfl_train_augmented/IMG01256.jpg,67.868852
epfl_train_augmented/IMG02033.jpg,119.117647
epfl_train_augmented/IMG00767.jpg,108.000000
epfl_train_augmented/IMG00136.jpg,293.944954
epfl_train_augmented/IMG00338.jpg,48.247423
epfl_train_augmented/IMG01658.jpg,300.368098
epfl_train_augmented/IMG01971.jpg,37.058824
epfl_train_augmented/IMG00863.jpg,309.873418
epfl_train_augmented/IMG01822.jpg,317.419355
epfl_train_augmented/IMG00097.jpg,0.000000
epfl_train_augmented/IMG01901.jpg,166.451613
epfl_train_augmented/IMG01145.jpg,246.741573
epfl_train_augmented/IMG00704.jpg,209.454545
epfl_train_augmented/IMG01556.jpg,53.006135
epfl_train_augmented/IMG01508.jpg,106.012270
epfl_train_augmented/IMG01313.jpg,345.245902
epfl_train_augmented/IMG01395.jpg,224.262295
epfl_train_augmented/IMG01759.jpg,81.290323
epfl_train_augmented/IMG00189.jpg,208.073394
epfl_train_augmented/IMG01750.jpg,96.774194
epfl_train_augmented/IMG01535.jpg,77.300613
epfl_train_augmented/IMG00501.jpg,209.142857
epfl_train_augmented/IMG00575.jpg,82.285714
epfl_train_augmented/IMG00384.jpg,322.886598
epfl_train_augmented/IMG00635.jpg,324.000000
epfl_train_augmented/IMG00070.jpg,42.935780
epfl_train_augmented/IMG01769.jpg,61.935484
epfl_train_augmented/IMG01071.jpg,36.404494
epfl_train_augmented/IMG01765.jpg,69.677419
epfl_train_augmented/IMG00386.jpg,319.175258
epfl_train_augmented/IMG01526.jpg,86.134969
epfl_train_augmented/IMG00870.jpg,328.101266
epfl_train_augmented/IMG00900.jpg,36.455696
epfl_train_augmented/IMG01115.jpg,307.415730
epfl_train_augmented/IMG01028.jpg,121.348315
epfl_train_augmented/IMG01452.jpg,167.852761
epfl_train_augmented/IMG01149.jpg,238.651685
epfl_train_augmented/IMG00512.jpg,188.571429
epfl_train_augmented/IMG00480.jpg,243.428571
epfl_train_augmented/IMG01537.jpg,75.092025
epfl_train_augmented/IMG01868.jpg,228.387097
epfl_train_augmented/IMG00029.jpg,112.293578
epfl_train_augmented/IMG01465.jpg,154.601227
epfl_train_augmented/IMG01764.jpg,69.677419
epfl_train_augmented/IMG01218.jpg,123.934426
epfl_train_augmented/IMG00034.jpg,102.385321
epfl_train_augmented/IMG01806.jpg,348.387097
epfl_train_augmented/IMG00280.jpg,155.876289
epfl_train_augmented/IMG01603.jpg,2.208589
epfl_train_augmented/IMG01550.jpg,59.631902
epfl_train_augmented/IMG00265.jpg,185.567010
epfl_train_augmented/IMG00124.jpg,313.761468
epfl_train_augmented/IMG01345.jpg,298.032787
epfl_train_augmented/IMG01104.jpg,327.640449
epfl_train_augmented/IMG01456.jpg,163.435583
epfl_train_augmented/IMG01190.jpg,165.245902
epfl_train_augmented/IMG01250.jpg,76.721311
epfl_train_augmented/IMG00966.jpg,186.835443
epfl_train_augmented/IMG00885.jpg,0.000000
epfl_train_augmented/IMG01753.jpg,92.903226
epfl_train_augmented/IMG01524.jpg,88.343558
epfl_train_augmented/IMG00262.jpg,189.278351
epfl_train_augmented/IMG01337.jpg,309.836066
epfl_train_augmented/IMG00063.jpg,56.146789
epfl_train_augmented/IMG01133.jpg,271.011236
epfl_train_augmented/IMG01742.jpg,207.607362
epfl_train_augmented/IMG00654.jpg,291.272727
epfl_train_augmented/IMG00248.jpg,215.257732
epfl_train_augmented/IMG01384.jpg,239.016393
epfl_train_augmented/IMG00407.jpg,282.061856
epfl_train_augmented/IMG00586.jpg,61.714286
epfl_train_augmented/IMG00236.jpg,237.525773
epfl_train_augmented/IMG00043.jpg,89.174312
epfl_train_augmented/IMG01382.jpg,241.967213
epfl_train_augmented/IMG00868.jpg,323.544304
epfl_train_augmented/IMG01404.jpg,209.508197
epfl_train_augmented/IMG01888.jpg,189.677419
epfl_train_augmented/IMG00770.jpg,101.454545
epfl_train_augmented/IMG02065.jpg,161.470588
epfl_train_augmented/IMG00802.jpg,49.090909
epfl_train_augmented/IMG01393.jpg,227.213115
epfl_train_augmented/IMG00833.jpg,0.000000
epfl_train_augmented/IMG00179.jpg,224.587156
epfl_train_augmented/IMG00026.jpg,115.596330
epfl_train_augmented/IMG02141.jpg,262.058824
epfl_train_augmented/IMG00597.jpg,44.571429
epfl_train_augmented/IMG01046.jpg,84.943820
epfl_train_augmented/IMG00921.jpg,82.025316
epfl_train_augmented/IMG01350.jpg,289.180328
epfl_train_augmented/IMG01012.jpg,153.707865
epfl_train_augmented/IMG00330.jpg,63.092784
epfl_train_augmented/IMG00725.jpg,176.727273
epfl_train_augmented/IMG01482.jpg,134.723926
epfl_train_augmented/IMG01586.jpg,19.877301
epfl_train_augmented/IMG00983.jpg,223.291139
epfl_train_augmented/IMG00630.jpg,330.545455
epfl_train_augmented/IMG00971.jpg,195.949367
epfl_train_augmented/IMG00242.jpg,226.391753
epfl_train_augmented/IMG00505.jpg,202.285714
epfl_train_augmented/IMG00135.jpg,297.247706
epfl_train_augmented/IMG00313.jpg,96.494845
epfl_train_augmented/IMG01554.jpg,55.214724
epfl_train_augmented/IMG01932.jpg,346.764706
epfl_train_augmented/IMG02006.jpg,84.705882
epfl_train_augmented/IMG02008.jpg,87.352941
epfl_train_augmented/IMG02018.jpg,100.588235
epfl_train_augmented/IMG01954.jpg,15.882353
epfl_train_augmented/IMG00668.jpg,268.363636
epfl_train_augmented/IMG01095.jpg,347.865169
epfl_train_augmented/IMG00682.jpg,245.454545
epfl_train_augmented/IMG00109.jpg,340.183486
epfl_train_augmented/IMG01881.jpg,205.161290
epfl_train_augmented/IMG01017.jpg,145.617978
epfl_train_augmented/IMG00771.jpg,101.454545
epfl_train_augmented/IMG00210.jpg,171.743119
epfl_train_augmented/IMG01081.jpg,16.179775
epfl_train_augmented/IMG01929.jpg,112.258065
epfl_train_augmented/IMG00721.jpg,183.272727
epfl_train_augmented/IMG00321.jpg,81.649485
epfl_train_augmented/IMG01630.jpg,331.288344
epfl_train_augmented/IMG01966.jpg,31.764706
epfl_train_augmented/IMG02126.jpg,243.529412
epfl_train_augmented/IMG00997.jpg,255.189873
epfl_train_augmented/IMG00989.jpg,236.962025
epfl_train_augmented/IMG01914.jpg,139.354839
epfl_train_augmented/IMG00235.jpg,241.237113
epfl_train_augmented/IMG01821.jpg,321.290323
epfl_train_augmented/IMG01760.jpg,77.419355
epfl_train_augmented/IMG01097.jpg,343.820225
epfl_train_augmented/IMG01923.jpg,123.870968
epfl_train_augmented/IMG02051.jpg,142.941176
epfl_train_augmented/IMG00387.jpg,319.175258
epfl_train_augmented/IMG01579.jpg,28.711656
epfl_train_augmented/IMG01243.jpg,88.524590
epfl_train_augmented/IMG00589.jpg,58.285714
epfl_train_augmented/IMG02005.jpg,82.058824
epfl_train_augmented/IMG00620.jpg,346.909091
epfl_train_augmented/IMG00831.jpg,3.272727
epfl_train_augmented/IMG00982.jpg,223.291139
epfl_train_augmented/IMG00889.jpg,9.113924
epfl_train_augmented/IMG00569.jpg,92.571429
epfl_train_augmented/IMG01233.jpg,103.278689
epfl_train_augmented/IMG02202.jpg,344.117647
epfl_train_augmented/IMG00127.jpg,310.458716
epfl_train_augmented/IMG00260.jpg,192.989691
epfl_train_augmented/IMG01989.jpg,60.882353
epfl_train_augmented/IMG01620.jpg,342.331288
epfl_train_augmented/IMG00329.jpg,66.804124
epfl_train_augmented/IMG00981.jpg,218.734177
epfl_train_augmented/IMG01854.jpg,255.483871
epfl_train_augmented/IMG00678.jpg,252.000000
epfl_train_augmented/IMG01809.jpg,344.516129
epfl_train_augmented/IMG01968.jpg,34.411765
epfl_train_augmented/IMG00446.jpg,301.714286
epfl_train_augmented/IMG00616.jpg,10.285714
epfl_train_augmented/IMG01836.jpg,290.322581
epfl_train_augmented/IMG01695.jpg,260.613497
epfl_train_augmented/IMG02123.jpg,238.235294
epfl_train_augmented/IMG00607.jpg,27.428571
epfl_train_augmented/IMG01391.jpg,230.163934
epfl_train_augmented/IMG00855.jpg,291.645570
epfl_train_augmented/IMG02189.jpg,325.588235
epfl_train_augmented/IMG01271.jpg,47.213115
epfl_train_augmented/IMG01048.jpg,80.898876
epfl_train_augmented/IMG00090.jpg,9.908257
epfl_train_augmented/IMG01264.jpg,56.065574
epfl_train_augmented/IMG01520.jpg,92.760736
epfl_train_augmented/IMG00003.jpg,155.229358
epfl_train_augmented/IMG01803.jpg,356.129032
epfl_train_augmented/IMG01400.jpg,215.409836
epfl_train_augmented/IMG00711.jpg,199.636364
epfl_train_augmented/IMG00477.jpg,250.285714
epfl_train_augmented/IMG01628.jpg,333.496933
epfl_train_augmented/IMG01671.jpg,287.116564
epfl_train_augmented/IMG00128.jpg,307.155963
epfl_train_augmented/IMG02083.jpg,185.294118
epfl_train_augmented/IMG01725.jpg,227.484663
epfl_train_augmented/IMG01870.jpg,224.516129
epfl_train_augmented/IMG00024.jpg,118.899083
epfl_train_augmented/IMG00234.jpg,241.237113
epfl_train_augmented/IMG01622.jpg,340.122699
epfl_train_augmented/IMG01444.jpg,176.687117
epfl_train_augmented/IMG00609.jpg,24.000000
epfl_train_augmented/IMG01631.jpg,331.288344
epfl_train_augmented/IMG01814.jpg,332.903226
epfl_train_augmented/IMG00019.jpg,128.807339
epfl_train_augmented/IMG01174.jpg,186.067416
epfl_train_augmented/IMG00008.jpg,145.321101
epfl_train_augmented/IMG01734.jpg,216.441718
epfl_train_augmented/IMG01005.jpg,169.887640
epfl_train_augmented/IMG02004.jpg,82.058824
epfl_train_augmented/IMG01163.jpg,210.337079
epfl_train_augmented/IMG00487.jpg,233.142857
epfl_train_augmented/IMG01850.jpg,263.225806
epfl_train_augmented/IMG01359.jpg,277.377049
epfl_train_augmented/IMG01431.jpg,192.147239
epfl_train_augmented/IMG01022.jpg,133.483146
epfl_train_augmented/IMG00642.jpg,310.909091
epfl_train_augmented/IMG01558.jpg,50.797546
epfl_train_augmented/IMG00768.jpg,104.727273
epfl_train_augmented/IMG01011.jpg,157.752809
epfl_train_augmented/IMG01527.jpg,86.134969
epfl_train_augmented/IMG00919.jpg,77.468354
epfl_train_augmented/IMG01831.jpg,301.935484
epfl_train_augmented/IMG00958.jpg,168.607595
epfl_train_augmented/IMG01205.jpg,144.590164
epfl_train_augmented/IMG00974.jpg,205.063291
epfl_train_augmented/IMG00803.jpg,49.090909
epfl_train_augmented/IMG00865.jpg,314.430380
epfl_train_augmented/IMG00482.jpg,240.000000
epfl_train_augmented/IMG00404.jpg,285.773196
epfl_train_augmented/IMG00037.jpg,99.082569
epfl_train_augmented/IMG01112.jpg,311.460674
epfl_train_augmented/IMG00602.jpg,34.285714
epfl_train_augmented/IMG01790.jpg,19.354839
epfl_train_augmented/IMG00798.jpg,55.636364
epfl_train_augmented/IMG00793.jpg,65.454545
epfl_train_augmented/IMG00984.jpg,227.848101
epfl_train_augmented/IMG01491.jpg,125.889571
epfl_train_augmented/IMG01728.jpg,223.067485
epfl_train_augmented/IMG00553.jpg,120.000000
epfl_train_augmented/IMG01075.jpg,28.314607
epfl_train_augmented/IMG01609.jpg,355.582822
epfl_train_augmented/IMG00185.jpg,214.678899
epfl_train_augmented/IMG01189.jpg,168.196721
epfl_train_augmented/IMG00995.jpg,250.632911
epfl_train_augmented/IMG00261.jpg,192.989691
epfl_train_augmented/IMG01793.jpg,15.483871
epfl_train_augmented/IMG00182.jpg,217.981651
epfl_train_augmented/IMG00556.jpg,113.142857
epfl_train_augmented/IMG00762.jpg,114.545455
epfl_train_augmented/IMG00200.jpg,188.256881
epfl_train_augmented/IMG00399.jpg,296.907216
epfl_train_augmented/IMG02109.jpg,219.705882
epfl_train_augmented/IMG00603.jpg,34.285714
epfl_train_augmented/IMG01912.jpg,143.225806
epfl_train_augmented/IMG01519.jpg,94.969325
epfl_train_augmented/IMG00107.jpg,343.486239
epfl_train_augmented/IMG01462.jpg,156.809816
epfl_train_augmented/IMG01208.jpg,138.688525
epfl_train_augmented/IMG01694.jpg,260.613497
epfl_train_augmented/IMG00828.jpg,6.545455
epfl_train_augmented/IMG00788.jpg,72.000000
epfl_train_augmented/IMG01896.jpg,174.193548
epfl_train_augmented/IMG01332.jpg,315.737705
epfl_train_augmented/IMG02129.jpg,246.176471
epfl_train_augmented/IMG01568.jpg,39.754601
epfl_train_augmented/IMG01668.jpg,289.325153
epfl_train_augmented/IMG01772.jpg,54.193548
epfl_train_augmented/IMG01597.jpg,8.834356
epfl_train_augmented/IMG00842.jpg,264.303797
epfl_train_augmented/IMG00869.jpg,323.544304
epfl_train_augmented/IMG01930.jpg,108.387097
epfl_train_augmented/IMG01242.jpg,88.524590
epfl_train_augmented/IMG01596.jpg,8.834356
epfl_train_augmented/IMG00753.jpg,130.909091
epfl_train_augmented/IMG01454.jpg,165.644172
epfl_train_augmented/IMG02059.jpg,153.529412
epfl_train_augmented/IMG00843.jpg,264.303797
epfl_train_augmented/IMG01304.jpg,357.049180
epfl_train_augmented/IMG00333.jpg,59.381443
epfl_train_augmented/IMG00651.jpg,297.818182
epfl_train_augmented/IMG00832.jpg,0.000000
epfl_train_augmented/IMG01686.jpg,269.447853
epfl_train_augmented/IMG01162.jpg,210.337079
epfl_train_augmented/IMG00081.jpg,26.422018
epfl_train_augmented/IMG00595.jpg,48.000000
epfl_train_augmented/IMG01780.jpg,38.709677
epfl_train_augmented/IMG01241.jpg,91.475410
epfl_train_augmented/IMG01663.jpg,295.950920
epfl_train_augmented/IMG01435.jpg,187.730061
epfl_train_augmented/IMG01342.jpg,300.983607
epfl_train_augmented/IMG01726.jpg,225.276074
epfl_train_augmented/IMG01206.jpg,141.639344
epfl_train_augmented/IMG00194.jpg,198.165138
epfl_train_augmented/IMG00834.jpg,356.727273
epfl_train_augmented/IMG00132.jpg,300.550459
epfl_train_augmented/IMG00631.jpg,330.545455
epfl_train_augmented/IMG01699.jpg,256.196319
epfl_train_augmented/IMG00459.jpg,281.142857
epfl_train_augmented/IMG01457.jpg,163.435583
epfl_train_augmented/IMG00560.jpg,106.285714
epfl_train_augmented/IMG01739.jpg,212.024540
epfl_train_augmented/IMG00014.jpg,135.412844
epfl_train_augmented/IMG00691.jpg,232.363636
epfl_train_augmented/IMG01261.jpg,61.967213
epfl_train_augmented/IMG01516.jpg,97.177914
epfl_train_augmented/IMG00425.jpg,339.428571
epfl_train_augmented/IMG02186.jpg,322.941176
epfl_train_augmented/IMG02158.jpg,285.882353
epfl_train_augmented/IMG00341.jpg,44.536082
epfl_train_augmented/IMG01521.jpg,92.760736
epfl_train_augmented/IMG01295.jpg,11.803279
epfl_train_augmented/IMG00345.jpg,37.113402
epfl_train_augmented/IMG00509.jpg,195.428571
epfl_train_augmented/IMG01880.jpg,205.161290
epfl_train_augmented/IMG00656.jpg,288.000000
epfl_train_augmented/IMG02155.jpg,280.588235
epfl_train_augmented/IMG00680.jpg,248.727273
epfl_train_augmented/IMG00059.jpg,62.752294
epfl_train_augmented/IMG02167.jpg,296.470588
epfl_train_augmented/IMG01910.jpg,147.096774
epfl_train_augmented/IMG02135.jpg,254.117647
epfl_train_augmented/IMG01829.jpg,305.806452
epfl_train_augmented/IMG01172.jpg,190.112360
epfl_train_augmented/IMG01653.jpg,306.993865
epfl_train_augmented/IMG01798.jpg,3.870968
epfl_train_augmented/IMG00452.jpg,291.428571
epfl_train_augmented/IMG00675.jpg,258.545455
epfl_train_augmented/IMG02062.jpg,158.823529
epfl_train_augmented/IMG01376.jpg,250.819672
epfl_train_augmented/IMG00368.jpg,352.577320
epfl_train_augmented/IMG00016.jpg,132.110092
epfl_train_augmented/IMG01837.jpg,290.322581
epfl_train_augmented/IMG00471.jpg,260.571429
epfl_train_augmented/IMG00354.jpg,18.556701
epfl_train_augmented/IMG02042.jpg,132.352941
epfl_train_augmented/IMG00434.jpg,322.285714
epfl_train_augmented/IMG01908.jpg,150.967742
epfl_train_augmented/IMG01141.jpg,254.831461
epfl_train_augmented/IMG01492.jpg,123.680982
epfl_train_augmented/IMG00624.jpg,340.363636
epfl_train_augmented/IMG01738.jpg,212.024540
epfl_train_augmented/IMG00031.jpg,108.990826
epfl_train_augmented/IMG02168.jpg,299.117647
epfl_train_augmented/IMG00661.jpg,281.454545
epfl_train_augmented/IMG01580.jpg,26.503067
epfl_train_augmented/IMG01581.jpg,26.503067
epfl_train_augmented/IMG01941.jpg,357.352941
epfl_train_augmented/IMG01004.jpg,169.887640
epfl_train_augmented/IMG00429.jpg,332.571429
epfl_train_augmented/IMG01000.jpg,177.977528
epfl_train_augmented/IMG01473.jpg,145.766871
epfl_train_augmented/IMG01841.jpg,282.580645
epfl_train_augmented/IMG01183.jpg,177.049180
epfl_train_augmented/IMG00994.jpg,250.632911
epfl_train_augmented/IMG00121.jpg,320.366972
epfl_train_augmented/IMG01548.jpg,61.840491
epfl_train_augmented/IMG00362.jpg,3.711340
epfl_train_augmented/IMG00122.jpg,317.064220
epfl_train_augmented/IMG00238.jpg,233.814433
epfl_train_augmented/IMG00488.jpg,229.714286
epfl_train_augmented/IMG01796.jpg,7.741935
epfl_train_augmented/IMG00456.jpg,284.571429
epfl_train_augmented/IMG01027.jpg,125.393258
epfl_train_augmented/IMG00844.jpg,268.860759
epfl_train_augmented/IMG00414.jpg,356.571429
epfl_train_augmented/IMG01220.jpg,120.983607
epfl_train_augmented/IMG00419.jpg,349.714286
epfl_train_augmented/IMG00735.jpg,160.363636
epfl_train_augmented/IMG01311.jpg,348.196721
epfl_train_augmented/IMG01718.jpg,234.110429
epfl_train_augmented/IMG00815.jpg,29.454545
epfl_train_augmented/IMG00454.jpg,288.000000
epfl_train_augmented/IMG00932.jpg,109.367089
epfl_train_augmented/IMG01317.jpg,339.344262
epfl_train_augmented/IMG01852.jpg,259.354839
epfl_train_augmented/IMG01281.jpg,32.459016
epfl_train_augmented/IMG00823.jpg,16.363636
epfl_train_augmented/IMG00705.jpg,209.454545
epfl_train_augmented/IMG00009.jpg,145.321101
epfl_train_augmented/IMG01825.jpg,313.548387
epfl_train_augmented/IMG01505.jpg,110.429448
epfl_train_augmented/IMG01733.jpg,218.650307
epfl_train_augmented/IMG00298.jpg,122.474227
epfl_train_augmented/IMG02022.jpg,105.882353
epfl_train_augmented/IMG01184.jpg,174.098361
epfl_train_augmented/IMG01087.jpg,4.044944
epfl_train_augmented/IMG01289.jpg,20.655738
epfl_train_augmented/IMG02170.jpg,301.764706
epfl_train_augmented/IMG00931.jpg,104.810127
epfl_train_augmented/IMG00340.jpg,44.536082
epfl_train_augmented/IMG01052.jpg,72.808989
epfl_train_augmented/IMG01453.jpg,167.852761
epfl_train_augmented/IMG00473.jpg,257.142857
epfl_train_augmented/IMG01144.jpg,246.741573
epfl_train_augmented/IMG00111.jpg,336.880734
epfl_train_augmented/IMG00568.jpg,92.571429
epfl_train_augmented/IMG01051.jpg,76.853933
epfl_train_augmented/IMG00393.jpg,308.041237
epfl_train_augmented/IMG02071.jpg,169.411765
epfl_train_augmented/IMG00042.jpg,89.174312
epfl_train_augmented/IMG00055.jpg,69.357798
epfl_train_augmented/IMG01377.jpg,250.819672
epfl_train_augmented/IMG00493.jpg,222.857143
epfl_train_augmented/IMG00381.jpg,330.309278
epfl_train_augmented/IMG01036.jpg,105.168539
epfl_train_augmented/IMG01045.jpg,88.988764
epfl_train_augmented/IMG00196.jpg,194.862385
epfl_train_augmented/IMG00076.jpg,33.027523
epfl_train_augmented/IMG02032.jpg,119.117647
epfl_train_augmented/IMG01588.jpg,17.668712
epfl_train_augmented/IMG00977.jpg,209.620253
epfl_train_augmented/IMG01786.jpg,27.096774
epfl_train_augmented/IMG02031.jpg,116.470588
epfl_train_augmented/IMG00301.jpg,118.762887
epfl_train_augmented/IMG00917.jpg,72.911392
epfl_train_augmented/IMG01502.jpg,112.638037
epfl_train_augmented/IMG02185.jpg,320.294118
epfl_train_augmented/IMG00337.jpg,51.958763
epfl_train_augmented/IMG00612.jpg,17.142857
epfl_train_augmented/IMG00816.jpg,26.181818
epfl_train_augmented/IMG01629.jpg,333.496933
epfl_train_augmented/IMG01594.jpg,11.042945
epfl_train_augmented/IMG02027.jpg,111.176471
epfl_train_augmented/IMG01294.jpg,11.803279
epfl_train_augmented/IMG00755.jpg,127.636364
epfl_train_augmented/IMG01469.jpg,150.184049
epfl_train_augmented/IMG00720.jpg,183.272727
epfl_train_augmented/IMG01685.jpg,271.656442
epfl_train_augmented/IMG01826.jpg,309.677419
epfl_train_augmented/IMG01424.jpg,198.773006
epfl_train_augmented/IMG00643.jpg,310.909091
epfl_train_augmented/IMG00397.jpg,300.618557
epfl_train_augmented/IMG02103.jpg,211.764706
epfl_train_augmented/IMG02190.jpg,328.235294
epfl_train_augmented/IMG02073.jpg,172.058824
epfl_train_augmented/IMG00374.jpg,341.443299
epfl_train_augmented/IMG01389.jpg,233.114754
epfl_train_augmented/IMG01475.jpg,143.558282
epfl_train_augmented/IMG01060.jpg,56.629213
epfl_train_augmented/IMG01664.jpg,293.742331
epfl_train_augmented/IMG01818.jpg,325.161290
epfl_train_augmented/IMG00542.jpg,137.142857
epfl_train_augmented/IMG00375.jpg,341.443299
epfl_train_augmented/IMG01634.jpg,326.871166
epfl_train_augmented/IMG00284.jpg,148.453608
epfl_train_augmented/IMG00208.jpg,175.045872
epfl_train_augmented/IMG01099.jpg,339.775281
epfl_train_augmented/IMG00818.jpg,22.909091
epfl_train_augmented/IMG01230.jpg,106.229508
epfl_train_augmented/IMG00327.jpg,70.515464
epfl_train_augmented/IMG01455.jpg,165.644172
epfl_train_augmented/IMG01268.jpg,50.163934
epfl_train_augmented/IMG01042.jpg,93.033708
epfl_train_augmented/IMG01101.jpg,335.730337
epfl_train_augmented/IMG01705.jpg,249.570552
epfl_train_augmented/IMG02130.jpg,248.823529
epfl_train_augmented/IMG02169.jpg,299.117647
epfl_train_augmented/IMG00079.jpg,29.724771
epfl_train_augmented/IMG01693.jpg,262.822086
epfl_train_augmented/IMG01613.jpg,351.165644
epfl_train_augmented/IMG01746.jpg,104.516129
epfl_train_augmented/IMG00420.jpg,346.285714
epfl_train_augmented/IMG01439.jpg,183.312883
epfl_train_augmented/IMG00214.jpg,165.137615
epfl_train_augmented/IMG01429.jpg,194.355828
epfl_train_augmented/IMG00859.jpg,300.759494
epfl_train_augmented/IMG01307.jpg,354.098361
epfl_train_augmented/IMG01213.jpg,132.786885
epfl_train_augmented/IMG01211.jpg,135.737705
epfl_train_augmented/IMG01493.jpg,123.680982
epfl_train_augmented/IMG01168.jpg,198.202247
epfl_train_augmented/IMG00669.jpg,268.363636
epfl_train_augmented/IMG00364.jpg,0.000000
epfl_train_augmented/IMG01006.jpg,165.842697
epfl_train_augmented/IMG02131.jpg,248.823529
epfl_train_augmented/IMG01292.jpg,14.754098
epfl_train_augmented/IMG01024.jpg,129.438202
epfl_train_augmented/IMG00269.jpg,178.144330
epfl_train_augmented/IMG01645.jpg,315.828221
epfl_train_augmented/IMG00819.jpg,22.909091
epfl_train_augmented/IMG00206.jpg,178.348624
epfl_train_augmented/IMG00478.jpg,246.857143
epfl_train_augmented/IMG01423.jpg,200.981595
epfl_train_augmented/IMG00583.jpg,68.571429
epfl_train_augmented/IMG01665.jpg,293.742331
epfl_train_augmented/IMG01712.jpg,240.736196
epfl_train_augmented/IMG00484.jpg,236.571429
epfl_train_augmented/IMG02087.jpg,190.588235
epfl_train_augmented/IMG01310.jpg,348.196721
epfl_train_augmented/IMG01564.jpg,44.171779
epfl_train_augmented/IMG01056.jpg,64.719101
epfl_train_augmented/IMG01181.jpg,180.000000
epfl_train_augmented/IMG00593.jpg,51.428571
epfl_train_augmented/IMG00161.jpg,254.311927
epfl_train_augmented/IMG01995.jpg,68.823529
epfl_train_augmented/IMG01638.jpg,322.453988
epfl_train_augmented/IMG01529.jpg,83.926380
epfl_train_augmented/IMG01748.jpg,100.645161
epfl_train_augmented/IMG01865.jpg,236.129032
epfl_train_augmented/IMG00516.jpg,181.714286
epfl_train_augmented/IMG01963.jpg,26.470588
epfl_train_augmented/IMG00545.jpg,133.714286
epfl_train_augmented/IMG01073.jpg,32.359551
epfl_train_augmented/IMG01360.jpg,274.426230
epfl_train_augmented/IMG00592.jpg,51.428571
epfl_train_augmented/IMG00283.jpg,152.164948
epfl_train_augmented/IMG01737.jpg,214.233129
epfl_train_augmented/IMG00763.jpg,114.545455
epfl_train_augmented/IMG02016.jpg,97.941176
epfl_train_augmented/IMG01324.jpg,327.540984
epfl_train_augmented/IMG02162.jpg,291.176471
epfl_train_augmented/IMG01201.jpg,150.491803
epfl_train_augmented/IMG00028.jpg,112.293578
epfl_train_augmented/IMG01660.jpg,298.159509
epfl_train_augmented/IMG00587.jpg,61.714286
epfl_train_augmented/IMG00650.jpg,297.818182
epfl_train_augmented/IMG01599.jpg,6.625767
epfl_train_augmented/IMG00401.jpg,293.195876
epfl_train_augmented/IMG00606.jpg,27.428571
epfl_train_augmented/IMG00408.jpg,278.350515
epfl_train_augmented/IMG01255.jpg,70.819672
epfl_train_augmented/IMG00716.jpg,189.818182
epfl_train_augmented/IMG01677.jpg,280.490798
epfl_train_augmented/IMG01113.jpg,311.460674
epfl_train_augmented/IMG01576.jpg,30.920245
epfl_train_augmented/IMG00472.jpg,257.142857
epfl_train_augmented/IMG00522.jpg,171.428571
epfl_train_augmented/IMG01398.jpg,218.360656
epfl_train_augmented/IMG01059.jpg,60.674157
epfl_train_augmented/IMG01108.jpg,319.550562
epfl_train_augmented/IMG00021.jpg,125.504587
epfl_train_augmented/IMG01965.jpg,29.117647
epfl_train_augmented/IMG00417.jpg,353.142857
epfl_train_augmented/IMG00035.jpg,102.385321
epfl_train_augmented/IMG01125.jpg,287.191011
epfl_train_augmented/IMG00817.jpg,26.181818
epfl_train_augmented/IMG01318.jpg,336.393443
epfl_train_augmented/IMG02177.jpg,309.705882
epfl_train_augmented/IMG00571.jpg,89.142857
epfl_train_augmented/IMG00877.jpg,341.772152
epfl_train_augmented/IMG00744.jpg,144.000000
epfl_train_augmented/IMG01496.jpg,119.263804
epfl_train_augmented/IMG01946.jpg,5.294118
epfl_train_augmented/IMG01412.jpg,197.704918
epfl_train_augmented/IMG01276.jpg,38.360656
epfl_train_augmented/IMG01948.jpg,7.941176
epfl_train_augmented/IMG00774.jpg,94.909091
epfl_train_augmented/IMG00352.jpg,22.268041
epfl_train_augmented/IMG01994.jpg,68.823529
epfl_train_augmented/IMG00888.jpg,9.113924
epfl_train_augmented/IMG01885.jpg,197.419355
epfl_train_augmented/IMG01178.jpg,182.950820
epfl_train_augmented/IMG00614.jpg,13.714286
epfl_train_augmented/IMG02137.jpg,256.764706
epfl_train_augmented/IMG01627.jpg,335.705521
epfl_train_augmented/IMG00577.jpg,78.857143
epfl_train_augmented/IMG01961.jpg,23.823529
epfl_train_augmented/IMG01795.jpg,11.612903
epfl_train_augmented/IMG01328.jpg,321.639344
epfl_train_augmented/IMG00221.jpg,267.216495
epfl_train_augmented/IMG00465.jpg,270.857143
epfl_train_augmented/IMG01330.jpg,318.688525
epfl_train_augmented/IMG01906.jpg,154.838710
epfl_train_augmented/IMG00511.jpg,192.000000
epfl_train_augmented/IMG01517.jpg,97.177914
epfl_train_augmented/IMG00685.jpg,242.181818
epfl_train_augmented/IMG00277.jpg,163.298969
epfl_train_augmented/IMG00069.jpg,46.238532
epfl_train_augmented/IMG02148.jpg,272.647059
epfl_train_augmented/IMG01363.jpg,271.475410
epfl_train_augmented/IMG00969.jpg,191.392405
epfl_train_augmented/IMG00821.jpg,19.636364
epfl_train_augmented/IMG00231.jpg,248.659794
epfl_train_augmented/IMG01386.jpg,236.065574
epfl_train_augmented/IMG01405.jpg,209.508197
epfl_train_augmented/IMG01420.jpg,203.190184
epfl_train_augmented/IMG00652.jpg,294.545455
epfl_train_augmented/IMG02171.jpg,301.764706
epfl_train_augmented/IMG00479.jpg,246.857143
epfl_train_augmented/IMG00360.jpg,7.422680
epfl_train_augmented/IMG01067.jpg,44.494382
epfl_train_augmented/IMG01724.jpg,227.484663
epfl_train_augmented/IMG01335.jpg,312.786885
epfl_train_augmented/IMG01998.jpg,74.117647
epfl_train_augmented/IMG00392.jpg,308.041237
epfl_train_augmented/IMG01615.jpg,348.957055
epfl_train_augmented/IMG00956.jpg,164.050633
epfl_train_augmented/IMG02164.jpg,293.823529
epfl_train_augmented/IMG00901.jpg,36.455696
epfl_train_augmented/IMG00084.jpg,19.816514
epfl_train_augmented/IMG01670.jpg,287.116564
epfl_train_augmented/IMG00082.jpg,23.119266
epfl_train_augmented/IMG01845.jpg,274.838710
epfl_train_augmented/IMG01819.jpg,325.161290
epfl_train_augmented/IMG01907.jpg,154.838710
epfl_train_augmented/IMG00256.jpg,200.412371
epfl_train_augmented/IMG02069.jpg,166.764706
epfl_train_augmented/IMG00199.jpg,191.559633
epfl_train_augmented/IMG01272.jpg,44.262295
epfl_train_augmented/IMG00218.jpg,270.927835
epfl_train_augmented/IMG00073.jpg,39.633028
epfl_train_augmented/IMG00628.jpg,333.818182
epfl_train_augmented/IMG01352.jpg,286.229508
epfl_train_augmented/IMG01157.jpg,222.471910
epfl_train_augmented/IMG01194.jpg,159.344262
epfl_train_augmented/IMG00091.jpg,9.908257
epfl_train_augmented/IMG01619.jpg,344.539877
epfl_train_augmented/IMG01064.jpg,48.539326
epfl_train_augmented/IMG00660.jpg,281.454545
epfl_train_augmented/IMG01682.jpg,273.865031
epfl_train_augmented/IMG02146.jpg,270.000000
epfl_train_augmented/IMG02076.jpg,177.352941
epfl_train_augmented/IMG00204.jpg,181.651376
epfl_train_augmented/IMG00944.jpg,136.708861
epfl_train_augmented/IMG01842.jpg,278.709677
epfl_train_augmented/IMG00040.jpg,92.477064
epfl_train_augmented/IMG02090.jpg,195.882353
epfl_train_augmented/IMG01575.jpg,33.128834
epfl_train_augmented/IMG00699.jpg,219.272727
epfl_train_augmented/IMG01530.jpg,81.717791
epfl_train_augmented/IMG01203.jpg,147.540984
epfl_train_augmented/IMG00653.jpg,294.545455
epfl_train_augmented/IMG02037.jpg,124.411765
epfl_train_augmented/IMG01952.jpg,13.235294
epfl_train_augmented/IMG01598.jpg,6.625767
epfl_train_augmented/IMG01351.jpg,289.180328
epfl_train_augmented/IMG01646.jpg,313.619632
epfl_train_augmented/IMG00462.jpg,274.285714
epfl_train_augmented/IMG01280.jpg,32.459016
epfl_train_augmented/IMG00894.jpg,22.784810
epfl_train_augmented/IMG00050.jpg,75.963303
epfl_train_augmented/IMG01378.jpg,247.868852
epfl_train_augmented/IMG00325.jpg,74.226804
epfl_train_augmented/IMG00203.jpg,184.954128
epfl_train_augmented/IMG01084.jpg,8.089888
epfl_train_augmented/IMG00449.jpg,298.285714
epfl_train_augmented/IMG00159.jpg,257.614679
epfl_train_augmented/IMG00282.jpg,152.164948
epfl_train_augmented/IMG00092.jpg,6.605505
epfl_train_augmented/IMG01607.jpg,357.791411
epfl_train_augmented/IMG01782.jpg,34.838710
epfl_train_augmented/IMG01234.jpg,100.327869
epfl_train_augmented/IMG00991.jpg,241.518987
epfl_train_augmented/IMG00572.jpg,85.714286
epfl_train_augmented/IMG00585.jpg,65.142857
epfl_train_augmented/IMG01077.jpg,24.269663
epfl_train_augmented/IMG02099.jpg,206.470588
epfl_train_augmented/IMG02050.jpg,142.941176
epfl_train_augmented/IMG02172.jpg,304.411765
epfl_train_augmented/IMG01565.jpg,44.171779
epfl_train_augmented/IMG00898.jpg,31.898734
epfl_train_augmented/IMG00264.jpg,185.567010
epfl_train_augmented/IMG01072.jpg,32.359551
epfl_train_augmented/IMG01884.jpg,197.419355
epfl_train_augmented/IMG01920.jpg,127.741935
epfl_train_augmented/IMG00988.jpg,236.962025
epfl_train_augmented/IMG02009.jpg,87.352941
epfl_train_augmented/IMG01008.jpg,161.797753
epfl_train_augmented/IMG01810.jpg,340.645161
epfl_train_augmented/IMG02176.jpg,309.705882
epfl_train_augmented/IMG01784.jpg,30.967742
epfl_train_augmented/IMG00316.jpg,89.072165
epfl_train_augmented/IMG02161.jpg,288.529412
epfl_train_augmented/IMG00287.jpg,144.742268
epfl_train_augmented/IMG02095.jpg,201.176471
epfl_train_augmented/IMG01639.jpg,322.453988
epfl_train_augmented/IMG01355.jpg,283.278689
epfl_train_augmented/IMG01858.jpg,247.741935
epfl_train_augmented/IMG01840.jpg,282.580645
epfl_train_augmented/IMG00153.jpg,267.522936
epfl_train_augmented/IMG01587.jpg,19.877301
epfl_train_augmented/IMG01507.jpg,108.220859
epfl_train_augmented/IMG00318.jpg,85.360825
epfl_train_augmented/IMG00882.jpg,355.443038
epfl_train_augmented/IMG00010.jpg,142.018349
epfl_train_augmented/IMG01379.jpg,247.868852
epfl_train_augmented/IMG01296.jpg,8.852459
epfl_train_augmented/IMG01745.jpg,205.398773
epfl_train_augmented/IMG01962.jpg,26.470588
epfl_train_augmented/IMG00504.jpg,202.285714
epfl_train_augmented/IMG00502.jpg,205.714286
epfl_train_augmented/IMG01278.jpg,35.409836
epfl_train_augmented/IMG01063.jpg,52.584270
epfl_train_augmented/IMG00230.jpg,248.659794
epfl_train_augmented/IMG01591.jpg,15.460123
epfl_train_augmented/IMG00527.jpg,164.571429
epfl_train_augmented/IMG01315.jpg,342.295082
epfl_train_augmented/IMG00168.jpg,241.100917
epfl_train_augmented/IMG01515.jpg,99.386503
epfl_train_augmented/IMG01331.jpg,318.688525
epfl_train_augmented/IMG01731.jpg,220.858896
epfl_train_augmented/IMG00965.jpg,182.278481
epfl_train_augmented/IMG00964.jpg,182.278481
epfl_train_augmented/IMG00240.jpg,230.103093
epfl_train_augmented/IMG01847.jpg,270.967742
epfl_train_augmented/IMG01267.jpg,53.114754
epfl_train_augmented/IMG00623.jpg,343.636364
epfl_train_augmented/IMG01262.jpg,59.016393
epfl_train_augmented/IMG01215.jpg,129.836066
epfl_train_augmented/IMG01340.jpg,303.934426
epfl_train_augmented/IMG02174.jpg,307.058824
epfl_train_augmented/IMG01643.jpg,318.036810
epfl_train_augmented/IMG00144.jpg,280.733945
epfl_train_augmented/IMG01477.jpg,141.349693
epfl_train_augmented/IMG01325.jpg,327.540984
epfl_train_augmented/IMG01451.jpg,170.061350
epfl_train_augmented/IMG02134.jpg,254.117647
epfl_train_augmented/IMG00158.jpg,257.614679
epfl_train_augmented/IMG00176.jpg,227.889908
epfl_train_augmented/IMG00496.jpg,216.000000
epfl_train_augmented/IMG00054.jpg,69.357798
epfl_train_augmented/IMG02094.jpg,201.176471
epfl_train_augmented/IMG01291.jpg,17.704918
epfl_train_augmented/IMG00304.jpg,111.340206
epfl_train_augmented/IMG00730.jpg,166.909091
epfl_train_augmented/IMG00806.jpg,42.545455
epfl_train_augmented/IMG00165.jpg,247.706422
epfl_train_augmented/IMG00123.jpg,317.064220
epfl_train_augmented/IMG02115.jpg,227.647059
epfl_train_augmented/IMG01180.jpg,180.000000
epfl_train_augmented/IMG01195.jpg,159.344262
epfl_train_augmented/IMG00776.jpg,91.636364
epfl_train_augmented/IMG01471.jpg,147.975460
epfl_train_augmented/IMG00085.jpg,19.816514
epfl_train_augmented/IMG00853.jpg,287.088608
epfl_train_augmented/IMG01640.jpg,320.245399
epfl_train_augmented/IMG01861.jpg,243.870968
epfl_train_augmented/IMG00976.jpg,209.620253
epfl_train_augmented/IMG00349.jpg,29.690722
epfl_train_augmented/IMG01553.jpg,57.423313
epfl_train_augmented/IMG00998.jpg,182.022472
epfl_train_augmented/IMG00057.jpg,66.055046
epfl_train_augmented/IMG00426.jpg,336.000000
epfl_train_augmented/IMG01960.jpg,23.823529
epfl_train_augmented/IMG00827.jpg,9.818182
epfl_train_augmented/IMG00791.jpg,68.727273
epfl_train_augmented/IMG01567.jpg,41.963190
epfl_train_augmented/IMG01421.jpg,203.190184
epfl_train_augmented/IMG02160.jpg,288.529412
epfl_train_augmented/IMG01834.jpg,294.193548
epfl_train_augmented/IMG00727.jpg,173.454545
epfl_train_augmented/IMG01150.jpg,234.606742
epfl_train_augmented/IMG00249.jpg,215.257732
epfl_train_augmented/IMG01611.jpg,353.374233
epfl_train_augmented/IMG02020.jpg,103.235294
epfl_train_augmented/IMG01136.jpg,262.921348
epfl_train_augmented/IMG02110.jpg,222.352941
epfl_train_augmented/IMG01436.jpg,185.521472
epfl_train_augmented/IMG02088.jpg,193.235294
epfl_train_augmented/IMG01270.jpg,47.213115
epfl_train_augmented/IMG01383.jpg,241.967213
epfl_train_augmented/IMG00579.jpg,75.428571
epfl_train_augmented/IMG00334.jpg,55.670103
epfl_train_augmented/IMG00544.jpg,133.714286
epfl_train_augmented/IMG00389.jpg,315.463918
epfl_train_augmented/IMG01410.jpg,200.655738
epfl_train_augmented/IMG00171.jpg,237.798165
epfl_train_augmented/IMG02098.jpg,206.470588
epfl_train_augmented/IMG01371.jpg,259.672131
epfl_train_augmented/IMG00056.jpg,66.055046
epfl_train_augmented/IMG00363.jpg,3.711340
epfl_train_augmented/IMG00259.jpg,196.701031
epfl_train_augmented/IMG00353.jpg,22.268041
epfl_train_augmented/IMG02086.jpg,190.588235
epfl_train_augmented/IMG01487.jpg,130.306748
epfl_train_augmented/IMG01182.jpg,177.049180
epfl_train_augmented/IMG02035.jpg,121.764706
epfl_train_augmented/IMG00232.jpg,244.948454
epfl_train_augmented/IMG01279.jpg,35.409836
epfl_train_augmented/IMG00718.jpg,186.545455
epfl_train_augmented/IMG00743.jpg,147.272727
epfl_train_augmented/IMG01986.jpg,58.235294
epfl_train_augmented/IMG00289.jpg,141.030928
epfl_train_augmented/IMG01245.jpg,85.573770
epfl_train_augmented/IMG00495.jpg,219.428571
epfl_train_augmented/IMG01779.jpg,42.580645
epfl_train_augmented/IMG00636.jpg,320.727273
epfl_train_augmented/IMG00747.jpg,140.727273
epfl_train_augmented/IMG01925.jpg,120.000000
epfl_train_augmented/IMG00729.jpg,170.181818
epfl_train_augmented/IMG00517.jpg,181.714286
epfl_train_augmented/IMG01974.jpg,42.352941
epfl_train_augmented/IMG01561.jpg,48.588957
epfl_train_augmented/IMG01990.jpg,63.529412
epfl_train_augmented/IMG01088.jpg,0.000000
epfl_train_augmented/IMG01956.jpg,18.529412
epfl_train_augmented/IMG00715.jpg,193.090909
epfl_train_augmented/IMG00960.jpg,173.164557
epfl_train_augmented/IMG01026.jpg,125.393258
epfl_train_augmented/IMG01252.jpg,73.770492
epfl_train_augmented/IMG00937.jpg,118.481013
epfl_train_augmented/IMG01414.jpg,194.754098
epfl_train_augmented/IMG01085.jpg,8.089888
epfl_train_augmented/IMG00663.jpg,278.181818
epfl_train_augmented/IMG00713.jpg,196.363636
epfl_train_augmented/IMG00915.jpg,68.354430
epfl_train_augmented/IMG00118.jpg,323.669725
epfl_train_augmented/IMG01555.jpg,55.214724
epfl_train_augmented/IMG01661.jpg,298.159509
epfl_train_augmented/IMG00047.jpg,82.568807
epfl_train_augmented/IMG01440.jpg,181.104294
epfl_train_augmented/IMG01061.jpg,56.629213
epfl_train_augmented/IMG01766.jpg,65.806452
epfl_train_augmented/IMG00432.jpg,325.714286
epfl_train_augmented/IMG01459.jpg,161.226994
epfl_train_augmented/IMG01096.jpg,343.820225
epfl_train_augmented/IMG01856.jpg,251.612903
epfl_train_augmented/IMG00217.jpg,274.639175
epfl_train_augmented/IMG00172.jpg,234.495413
epfl_train_augmented/IMG00431.jpg,329.142857
epfl_train_augmented/IMG01171.jpg,194.157303
epfl_train_augmented/IMG00276.jpg,163.298969
epfl_train_augmented/IMG01202.jpg,147.540984
epfl_train_augmented/IMG00955.jpg,159.493671
epfl_train_augmented/IMG00030.jpg,108.990826
epfl_train_augmented/IMG01812.jpg,336.774194
epfl_train_augmented/IMG01155.jpg,226.516854
epfl_train_augmented/IMG00822.jpg,16.363636
epfl_train_augmented/IMG01976.jpg,45.000000
epfl_train_augmented/IMG02054.jpg,148.235294
epfl_train_augmented/IMG01959.jpg,21.176471
epfl_train_augmented/IMG00170.jpg,237.798165
epfl_train_augmented/IMG00746.jpg,140.727273
epfl_train_augmented/IMG00272.jpg,170.721649
epfl_train_augmented/IMG01358.jpg,277.377049
epfl_train_augmented/IMG00385.jpg,322.886598
epfl_train_augmented/IMG01815.jpg,332.903226
epfl_train_augmented/IMG00125.jpg,313.761468
epfl_train_augmented/IMG01617.jpg,346.748466
epfl_train_augmented/IMG00191.jpg,204.770642
epfl_train_augmented/IMG01823.jpg,317.419355
epfl_train_augmented/IMG00444.jpg,305.142857
epfl_train_augmented/IMG01327.jpg,324.590164
epfl_train_augmented/IMG00255.jpg,204.123711
epfl_train_augmented/IMG01969.jpg,34.411765
epfl_train_augmented/IMG02001.jpg,76.764706
epfl_train_augmented/IMG02183.jpg,317.647059
epfl_train_augmented/IMG01314.jpg,342.295082
epfl_train_augmented/IMG01396.jpg,221.311475
epfl_train_augmented/IMG01254.jpg,70.819672
epfl_train_augmented/IMG00524.jpg,168.000000
epfl_train_augmented/IMG01735.jpg,216.441718
epfl_train_augmented/IMG01248.jpg,79.672131
epfl_train_augmented/IMG01898.jpg,170.322581
epfl_train_augmented/IMG01915.jpg,139.354839
epfl_train_augmented/IMG00369.jpg,352.577320
epfl_train_augmented/IMG02084.jpg,187.941176
epfl_train_augmented/IMG01472.jpg,145.766871
epfl_train_augmented/IMG00250.jpg,211.546392
epfl_train_augmented/IMG00926.jpg,95.696203
epfl_train_augmented/IMG00156.jpg,260.917431
epfl_train_augmented/IMG00025.jpg,118.899083
epfl_train_augmented/IMG00534.jpg,150.857143
epfl_train_augmented/IMG00174.jpg,231.192661
epfl_train_augmented/IMG00664.jpg,274.909091
epfl_train_augmented/IMG01927.jpg,116.129032
epfl_train_augmented/IMG01667.jpg,291.533742
epfl_train_augmented/IMG00195.jpg,198.165138
epfl_train_augmented/IMG00702.jpg,212.727273
epfl_train_augmented/IMG01862.jpg,240.000000
epfl_train_augmented/IMG01953.jpg,13.235294
epfl_train_augmented/IMG01025.jpg,129.438202
epfl_train_augmented/IMG01049.jpg,80.898876
epfl_train_augmented/IMG01226.jpg,112.131148
epfl_train_augmented/IMG01399.jpg,218.360656
epfl_train_augmented/IMG00520.jpg,174.857143
epfl_train_augmented/IMG01887.jpg,193.548387
epfl_train_augmented/IMG02128.jpg,246.176471
epfl_train_augmented/IMG00659.jpg,284.727273
epfl_train_augmented/IMG00613.jpg,17.142857
epfl_train_augmented/IMG01497.jpg,119.263804
epfl_train_augmented/IMG01937.jpg,352.058824
epfl_train_augmented/IMG00596.jpg,44.571429
epfl_train_augmented/IMG02040.jpg,129.705882
epfl_train_augmented/IMG02097.jpg,203.823529
epfl_train_augmented/IMG00543.jpg,137.142857
epfl_train_augmented/IMG01116.jpg,303.370787
epfl_train_augmented/IMG00693.jpg,229.090909
epfl_train_augmented/IMG00396.jpg,300.618557
epfl_train_augmented/IMG00436.jpg,318.857143
epfl_train_augmented/IMG01392.jpg,227.213115
epfl_train_augmented/IMG00581.jpg,72.000000
epfl_train_augmented/IMG01676.jpg,280.490798
epfl_train_augmented/IMG01504.jpg,110.429448
epfl_train_augmented/IMG00825.jpg,13.090909
epfl_train_augmented/IMG00521.jpg,174.857143
epfl_train_augmented/IMG00467.jpg,267.428571
epfl_train_augmented/IMG00758.jpg,121.090909
epfl_train_augmented/IMG00475.jpg,253.714286
epfl_train_augmented/IMG00959.jpg,168.607595
epfl_train_augmented/IMG01689.jpg,267.239264
epfl_train_augmented/IMG01244.jpg,85.573770
epfl_train_augmented/IMG00567.jpg,96.000000
epfl_train_augmented/IMG00142.jpg,284.036697
epfl_train_augmented/IMG00541.jpg,140.571429
epfl_train_augmented/IMG01824.jpg,313.548387
epfl_train_augmented/IMG00781.jpg,85.090909
epfl_train_augmented/IMG01902.jpg,162.580645
epfl_train_augmented/IMG01785.jpg,30.967742
epfl_train_augmented/IMG01700.jpg,253.987730
epfl_train_augmented/IMG00692.jpg,229.090909
epfl_train_augmented/IMG01909.jpg,150.967742
epfl_train_augmented/IMG01365.jpg,268.524590
epfl_train_augmented/IMG01680.jpg,276.073620
epfl_train_augmented/IMG00839.jpg,350.181818
epfl_train_augmented/IMG01082.jpg,12.134831
epfl_train_augmented/IMG01536.jpg,75.092025
epfl_train_augmented/IMG01721.jpg,231.901840
epfl_train_augmented/IMG00847.jpg,273.417722
epfl_train_augmented/IMG01499.jpg,117.055215
epfl_train_augmented/IMG00216.jpg,274.639175
epfl_train_augmented/IMG01616.jpg,346.748466
epfl_train_augmented/IMG00498.jpg,212.571429
epfl_train_augmented/IMG01538.jpg,72.883436
epfl_train_augmented/IMG01090.jpg,355.955056
epfl_train_augmented/IMG00764.jpg,111.272727
epfl_train_augmented/IMG00805.jpg,45.818182
epfl_train_augmented/IMG00717.jpg,189.818182
epfl_train_augmented/IMG01349.jpg,292.131148
epfl_train_augmented/IMG01943.jpg,0.000000
epfl_train_augmented/IMG01768.jpg,61.935484
epfl_train_augmented/IMG00233.jpg,244.948454
epfl_train_augmented/IMG01336.jpg,309.836066
epfl_train_augmented/IMG00750.jpg,134.181818
epfl_train_augmented/IMG00102.jpg,350.091743
epfl_train_augmented/IMG02057.jpg,150.882353
epfl_train_augmented/IMG00996.jpg,255.189873
epfl_train_augmented/IMG01940.jpg,357.352941
epfl_train_augmented/IMG01501.jpg,114.846626
epfl_train_augmented/IMG00769.jpg,104.727273
epfl_train_augmented/IMG01217.jpg,126.885246
epfl_train_augmented/IMG00912.jpg,63.797468
epfl_train_augmented/IMG00157.jpg,260.917431
epfl_train_augmented/IMG01894.jpg,178.064516
epfl_train_augmented/IMG00574.jpg,82.285714
epfl_train_augmented/IMG00736.jpg,157.090909
epfl_train_augmented/IMG00588.jpg,58.285714
epfl_train_augmented/IMG02030.jpg,116.470588
epfl_train_augmented/IMG01343.jpg,300.983607
epfl_train_augmented/IMG01933.jpg,346.764706
epfl_train_augmented/IMG01703.jpg,251.779141
epfl_train_augmented/IMG01411.jpg,200.655738
epfl_train_augmented/IMG00824.jpg,13.090909
epfl_train_augmented/IMG00271.jpg,174.432990
epfl_train_augmented/IMG00530.jpg,157.714286
epfl_train_augmented/IMG01747.jpg,104.516129
epfl_train_augmented/IMG01266.jpg,53.114754
epfl_train_augmented/IMG00357.jpg,14.845361
epfl_train_augmented/IMG01761.jpg,77.419355
epfl_train_augmented/IMG01486.jpg,130.306748
epfl_train_augmented/IMG02014.jpg,95.294118
epfl_train_augmented/IMG00154.jpg,264.220183
epfl_train_augmented/IMG00564.jpg,99.428571
epfl_train_augmented/IMG00576.jpg,78.857143
epfl_train_augmented/IMG00281.jpg,155.876289
epfl_train_augmented/IMG00439.jpg,315.428571
epfl_train_augmented/IMG00391.jpg,311.752577
epfl_train_augmented/IMG01679.jpg,278.282209
epfl_train_augmented/IMG01839.jpg,286.451613
epfl_train_augmented/IMG01447.jpg,174.478528
epfl_train_augmented/IMG00902.jpg,41.012658
epfl_train_augmented/IMG00245.jpg,222.680412
epfl_train_augmented/IMG00413.jpg,0.000000
epfl_train_augmented/IMG00335.jpg,55.670103
epfl_train_augmented/IMG00648.jpg,301.090909
epfl_train_augmented/IMG00851.jpg,282.531646
epfl_train_augmented/IMG01035.jpg,109.213483
epfl_train_augmented/IMG01533.jpg,79.509202
epfl_train_augmented/IMG02152.jpg,277.941176
epfl_train_augmented/IMG01186.jpg,171.147541
epfl_train_augmented/IMG01043.jpg,93.033708
epfl_train_augmented/IMG02156.jpg,283.235294
epfl_train_augmented/IMG00215.jpg,165.137615
epfl_train_augmented/IMG01123.jpg,291.235955
epfl_train_augmented/IMG01955.jpg,15.882353
epfl_train_augmented/IMG00862.jpg,309.873418
epfl_train_augmented/IMG02000.jpg,76.764706
epfl_train_augmented/IMG00162.jpg,251.009174
epfl_train_augmented/IMG01866.jpg,232.258065
epfl_train_augmented/IMG01300.jpg,2.950820
epfl_train_augmented/IMG00241.jpg,230.103093
epfl_train_augmented/IMG00038.jpg,95.779817
epfl_train_augmented/IMG01683.jpg,273.865031
epfl_train_augmented/IMG01448.jpg,172.269939
epfl_train_augmented/IMG02011.jpg,90.000000
epfl_train_augmented/IMG01828.jpg,305.806452
epfl_train_augmented/IMG00555.jpg,116.571429
epfl_train_augmented/IMG01348.jpg,292.131148
epfl_train_augmented/IMG00879.jpg,346.329114
epfl_train_augmented/IMG01755.jpg,89.032258
epfl_train_augmented/IMG01442.jpg,178.895706
epfl_train_augmented/IMG02079.jpg,180.000000
epfl_train_augmented/IMG01770.jpg,58.064516
epfl_train_augmented/IMG01126.jpg,283.146067
epfl_train_augmented/IMG01160.jpg,214.382022
epfl_train_augmented/IMG00421.jpg,346.285714
epfl_train_augmented/IMG00022.jpg,122.201835
epfl_train_augmented/IMG02104.jpg,214.411765
epfl_train_augmented/IMG01691.jpg,265.030675
epfl_train_augmented/IMG00101.jpg,353.394495
epfl_train_augmented/IMG00641.jpg,314.181818
epfl_train_augmented/IMG00911.jpg,59.240506
epfl_train_augmented/IMG01773.jpg,54.193548
epfl_train_augmented/IMG01993.jpg,66.176471
epfl_train_augmented/IMG01030.jpg,117.303371
epfl_train_augmented/IMG00838.jpg,350.181818
epfl_train_augmented/IMG00400.jpg,293.195876
epfl_train_augmented/IMG01673.jpg,284.907975
epfl_train_augmented/IMG00792.jpg,65.454545
epfl_train_augmented/IMG00442.jpg,308.571429
epfl_train_augmented/IMG00639.jpg,317.454545
epfl_train_augmented/IMG02038.jpg,127.058824
epfl_train_augmented/IMG00315.jpg,92.783505
epfl_train_augmented/IMG01799.jpg,3.870968
epfl_train_augmented/IMG01274.jpg,41.311475
epfl_train_augmented/IMG00684.jpg,242.181818
epfl_train_augmented/IMG01068.jpg,40.449438
epfl_train_augmented/IMG01164.jpg,206.292135
epfl_train_augmented/IMG00531.jpg,157.714286
epfl_train_augmented/IMG00867.jpg,318.987342
epfl_train_augmented/IMG01232.jpg,103.278689
epfl_train_augmented/IMG00925.jpg,91.139241
epfl_train_augmented/IMG00089.jpg,13.211009
epfl_train_augmented/IMG01830.jpg,301.935484
epfl_train_augmented/IMG00837.jpg,353.454545
epfl_train_augmented/IMG01047.jpg,84.943820
epfl_train_augmented/IMG01992.jpg,66.176471
epfl_train_augmented/IMG00254.jpg,204.123711
epfl_train_augmented/IMG01319.jpg,336.393443
epfl_train_augmented/IMG01283.jpg,29.508197
epfl_train_augmented/IMG01361.jpg,274.426230
epfl_train_augmented/IMG01117.jpg,303.370787
epfl_train_augmented/IMG01657.jpg,302.576687
epfl_train_augmented/IMG00343.jpg,40.824742
epfl_train_augmented/IMG00180.jpg,221.284404
epfl_train_augmented/IMG01422.jpg,200.981595
epfl_train_augmented/IMG00268.jpg,178.144330
epfl_train_augmented/IMG01844.jpg,274.838710
epfl_train_augmented/IMG00951.jpg,150.379747
epfl_train_augmented/IMG01069.jpg,40.449438
epfl_train_augmented/IMG00494.jpg,219.428571
epfl_train_augmented/IMG01058.jpg,60.674157
epfl_train_augmented/IMG01225.jpg,115.081967
epfl_train_augmented/IMG00402.jpg,289.484536
epfl_train_augmented/IMG00738.jpg,153.818182
epfl_train_augmented/IMG01951.jpg,10.588235
epfl_train_augmented/IMG01601.jpg,4.417178
epfl_train_augmented/IMG00953.jpg,154.936709
epfl_train_augmented/IMG01720.jpg,231.901840
epfl_train_augmented/IMG00948.jpg,145.822785
epfl_train_augmented/IMG00942.jpg,132.151899
epfl_train_augmented/IMG00896.jpg,27.341772
epfl_train_augmented/IMG00604.jpg,30.857143
epfl_train_augmented/IMG01513.jpg,101.595092
epfl_train_augmented/IMG01065.jpg,48.539326
epfl_train_augmented/IMG00950.jpg,150.379747
epfl_train_augmented/IMG00004.jpg,151.926606
epfl_train_augmented/IMG01333.jpg,315.737705
epfl_train_augmented/IMG00907.jpg,50.126582
epfl_train_augmented/IMG01801.jpg,0.000000
epfl_train_augmented/IMG01216.jpg,126.885246
epfl_train_augmented/IMG00697.jpg,222.545455
epfl_train_augmented/IMG02125.jpg,240.882353
epfl_train_augmented/IMG01489.jpg,128.098160
epfl_train_augmented/IMG00671.jpg,265.090909
epfl_train_augmented/IMG01467.jpg,152.392638
epfl_train_augmented/IMG02108.jpg,219.705882
epfl_train_augmented/IMG00115.jpg,330.275229
epfl_train_augmented/IMG00186.jpg,211.376147
epfl_train_augmented/IMG01132.jpg,271.011236
epfl_train_augmented/IMG00629.jpg,333.818182
epfl_train_augmented/IMG01177.jpg,185.901639
epfl_train_augmented/IMG00007.jpg,148.623853
epfl_train_augmented/IMG00939.jpg,123.037975
epfl_train_augmented/IMG00924.jpg,91.139241
epfl_train_augmented/IMG00140.jpg,287.339450
epfl_train_augmented/IMG00489.jpg,229.714286
epfl_train_augmented/IMG00539.jpg,144.000000
epfl_train_augmented/IMG01139.jpg,258.876404
epfl_train_augmented/IMG00251.jpg,211.546392
epfl_train_augmented/IMG01033.jpg,113.258427
epfl_train_augmented/IMG00608.jpg,24.000000
epfl_train_augmented/IMG00724.jpg,176.727273
epfl_train_augmented/IMG00903.jpg,41.012658
epfl_train_augmented/IMG00992.jpg,246.075949
epfl_train_augmented/IMG00427.jpg,336.000000
epfl_train_augmented/IMG00605.jpg,30.857143
epfl_train_augmented/IMG00451.jpg,294.857143
epfl_train_augmented/IMG00778.jpg,88.363636
epfl_train_augmented/IMG00292.jpg,133.608247
epfl_train_augmented/IMG00533.jpg,154.285714
epfl_train_augmented/IMG00740.jpg,150.545455
epfl_train_augmented/IMG00223.jpg,263.505155
epfl_train_augmented/IMG01543.jpg,68.466258
epfl_train_augmented/IMG00033.jpg,105.688073
epfl_train_augmented/IMG00481.jpg,243.428571
epfl_train_augmented/IMG00096.jpg,0.000000
epfl_train_augmented/IMG02200.jpg,341.470588
epfl_train_augmented/IMG01936.jpg,352.058824
epfl_train_augmented/IMG01154.jpg,226.516854
epfl_train_augmented/IMG00559.jpg,109.714286
epfl_train_augmented/IMG01602.jpg,2.208589
epfl_train_augmented/IMG00809.jpg,39.272727
epfl_train_augmented/IMG01449.jpg,172.269939
epfl_train_augmented/IMG00745.jpg,144.000000
epfl_train_augmented/IMG01776.jpg,46.451613
epfl_train_augmented/IMG00087.jpg,16.513761
epfl_train_augmented/IMG01610.jpg,353.374233
epfl_train_augmented/IMG00857.jpg,296.202532
epfl_train_augmented/IMG01381.jpg,244.918033
epfl_train_augmented/IMG01466.jpg,152.392638
epfl_train_augmented/IMG00455.jpg,288.000000
epfl_train_augmented/IMG00627.jpg,337.090909
epfl_train_augmented/IMG01120.jpg,295.280899
epfl_train_augmented/IMG01185.jpg,174.098361
epfl_train_augmented/IMG02142.jpg,264.705882
epfl_train_augmented/IMG00866.jpg,318.987342
epfl_train_augmented/IMG01428.jpg,194.355828
epfl_train_augmented/IMG02101.jpg,209.117647
epfl_train_augmented/IMG00840.jpg,259.746835
epfl_train_augmented/IMG01687.jpg,269.447853
epfl_train_augmented/IMG00267.jpg,181.855670
epfl_train_augmented/IMG01997.jpg,71.470588
epfl_train_augmented/IMG00183.jpg,217.981651
epfl_train_augmented/IMG01438.jpg,183.312883
epfl_train_augmented/IMG01621.jpg,342.331288
epfl_train_augmented/IMG00785.jpg,78.545455
epfl_train_augmented/IMG01792.jpg,15.483871
epfl_train_augmented/IMG02010.jpg,90.000000
epfl_train_augmented/IMG01979.jpg,47.647059
epfl_train_augmented/IMG01159.jpg,218.426966
epfl_train_augmented/IMG00202.jpg,184.954128
epfl_train_augmented/IMG02055.jpg,148.235294
epfl_train_augmented/IMG00306.jpg,107.628866
epfl_train_augmented/IMG01375.jpg,253.770492
epfl_train_augmented/IMG00536.jpg,147.428571
epfl_train_augmented/IMG01016.jpg,145.617978
epfl_train_augmented/IMG00922.jpg,86.582278
epfl_train_augmented/IMG01446.jpg,174.478528
epfl_train_augmented/IMG01573.jpg,35.337423
epfl_train_augmented/IMG01003.jpg,173.932584
epfl_train_augmented/IMG01229.jpg,109.180328
epfl_train_augmented/IMG01604.jpg,0.000000
epfl_train_augmented/IMG01757.jpg,85.161290
epfl_train_augmented/IMG01917.jpg,135.483871
epfl_train_augmented/IMG01889.jpg,189.677419
epfl_train_augmented/IMG01892.jpg,181.935484
epfl_train_augmented/IMG02145.jpg,267.352941
epfl_train_augmented/IMG02102.jpg,211.764706
epfl_train_augmented/IMG00227.jpg,256.082474
epfl_train_augmented/IMG01727.jpg,225.276074
epfl_train_augmented/IMG01813.jpg,336.774194
epfl_train_augmented/IMG01246.jpg,82.622951
epfl_train_augmented/IMG02201.jpg,341.470588
epfl_train_augmented/IMG01002.jpg,173.932584
epfl_train_augmented/IMG01698.jpg,256.196319
epfl_train_augmented/IMG00706.jpg,206.181818
epfl_train_augmented/IMG01593.jpg,13.251534
epfl_train_augmented/IMG01688.jpg,267.239264
epfl_train_augmented/IMG01985.jpg,55.588235
epfl_train_augmented/IMG00207.jpg,178.348624
epfl_train_augmented/IMG01523.jpg,90.552147
epfl_train_augmented/IMG01797.jpg,7.741935
epfl_train_augmented/IMG00366.jpg,356.288660
epfl_train_augmented/IMG01151.jpg,234.606742
epfl_train_augmented/IMG01485.jpg,132.515337
epfl_train_augmented/IMG00015.jpg,135.412844
epfl_train_augmented/IMG01999.jpg,74.117647
epfl_train_augmented/IMG01305.jpg,357.049180
epfl_train_augmented/IMG00252.jpg,207.835052
epfl_train_augmented/IMG01290.jpg,17.704918
epfl_train_augmented/IMG00275.jpg,167.010309
epfl_train_augmented/IMG01207.jpg,141.639344
epfl_train_augmented/IMG01285.jpg,26.557377
epfl_train_augmented/IMG01876.jpg,212.903226
epfl_train_augmented/IMG01111.jpg,315.505618
epfl_train_augmented/IMG00723.jpg,180.000000
epfl_train_augmented/IMG01354.jpg,283.278689
epfl_train_augmented/IMG00164.jpg,247.706422
epfl_train_augmented/IMG01510.jpg,103.803681
epfl_train_augmented/IMG00224.jpg,259.793814
epfl_train_augmented/IMG01547.jpg,64.049080
epfl_train_augmented/IMG01040.jpg,97.078652
epfl_train_augmented/IMG01445.jpg,176.687117
epfl_train_augmented/IMG00709.jpg,202.909091
epfl_train_augmented/IMG01293.jpg,14.754098
epfl_train_augmented/IMG01899.jpg,170.322581
epfl_train_augmented/IMG01408.jpg,203.606557
epfl_train_augmented/IMG01549.jpg,61.840491
epfl_train_augmented/IMG00470.jpg,260.571429
epfl_train_augmented/IMG01258.jpg,64.918033
epfl_train_augmented/IMG00061.jpg,59.449541
epfl_train_augmented/IMG00023.jpg,122.201835
epfl_train_augmented/IMG01982.jpg,52.941176
epfl_train_augmented/IMG02147.jpg,270.000000
epfl_train_augmented/IMG01562.jpg,46.380368
epfl_train_augmented/IMG00424.jpg,339.428571
epfl_train_augmented/IMG00358.jpg,11.134021
epfl_train_augmented/IMG00430.jpg,329.142857
epfl_train_augmented/IMG01323.jpg,330.491803
epfl_train_augmented/IMG00999.jpg,182.022472
epfl_train_augmented/IMG00850.jpg,282.531646
epfl_train_augmented/IMG00760.jpg,117.818182
epfl_train_augmented/IMG00611.jpg,20.571429
epfl_train_augmented/IMG01732.jpg,218.650307
epfl_train_augmented/IMG00383.jpg,326.597938
epfl_train_augmented/IMG01532.jpg,79.509202
epfl_train_augmented/IMG00483.jpg,240.000000
epfl_train_augmented/IMG00422.jpg,342.857143
epfl_train_augmented/IMG00854.jpg,291.645570
epfl_train_augmented/IMG00566.jpg,96.000000
epfl_train_augmented/IMG01121.jpg,295.280899
epfl_train_augmented/IMG00726.jpg,173.454545
epfl_train_augmented/IMG00647.jpg,304.363636
epfl_train_augmented/IMG01585.jpg,22.085890
epfl_train_augmented/IMG00957.jpg,164.050633
epfl_train_augmented/IMG01843.jpg,278.709677
epfl_train_augmented/IMG02017.jpg,97.941176
epfl_train_augmented/IMG00500.jpg,209.142857
epfl_train_augmented/IMG02193.jpg,330.882353
epfl_train_augmented/IMG01886.jpg,193.548387
epfl_train_augmented/IMG01483.jpg,134.723926
epfl_train_augmented/IMG01341.jpg,303.934426
epfl_train_augmented/IMG00796.jpg,58.909091
epfl_train_augmented/IMG01741.jpg,209.815951
epfl_train_augmented/IMG00046.jpg,82.568807
epfl_train_augmented/IMG00117.jpg,326.972477
epfl_train_augmented/IMG01804.jpg,352.258065
epfl_train_augmented/IMG00987.jpg,232.405063
epfl_train_augmented/IMG01010.jpg,157.752809
epfl_train_augmented/IMG01672.jpg,284.907975
epfl_train_augmented/IMG00370.jpg,348.865979
epfl_train_augmented/IMG00126.jpg,310.458716
epfl_train_augmented/IMG01165.jpg,206.292135
epfl_train_augmented/IMG00296.jpg,126.185567
epfl_train_augmented/IMG01138.jpg,258.876404
epfl_train_augmented/IMG01632.jpg,329.079755
epfl_train_augmented/IMG01458.jpg,161.226994
epfl_train_augmented/IMG01152.jpg,230.561798
epfl_train_augmented/IMG01964.jpg,29.117647
epfl_train_augmented/IMG01031.jpg,117.303371
epfl_train_augmented/IMG00508.jpg,195.428571
